version,waypoint,calls
1.5.9,plain,28
1.5.9,plain,42
1.5.9,plain,28
1.5.9,plain,36
1.5.9,plain,8
1.5.9,plain,8
1.5.9,plain,8
1.5.9,plain,8
1.5.9,plain,8
1.5.9,plain,14
1.5.9,plain,8
1.5.9,plain,8
1.5.9,plain,8
1.5.9,plain,8
1.5.9,plain,8
1.5.9,plain,8
1.5.9,plain,8
1.5.9,plain,18
1.5.9,plain,20
1.5.9,plain,20
1.5.9,plain,8
1.5.9,plain,20
1.5.9,plain,8
1.5.9,plain,20
1.5.9,plain,8
1.5.9,plain,8
1.5.9,plain,8
1.5.9,plain,8
1.5.9,plain,8
1.5.9,plain,8
1.5.9,plain,8
1.5.9,plain,20
1.5.9,plain,8
1.5.9,plain,8
1.5.9,plain,8
1.5.9,plain,14
1.5.9,plain,8
1.5.9,plain,10
1.5.9,plain,10
1.5.9,plain,10
1.5.9,plain,10
1.5.9,plain,10
1.5.9,plain,12
1.5.9,plain,10
1.5.9,plain,42
1.5.9,plain,12
1.5.9,plain,12
1.5.9,plain,14
1.5.9,plain,12
1.5.9,plain,48
1.5.9,plain,42
1.5.9,plain,12
1.5.9,plain,12
1.5.9,plain,18
1.5.9,plain,20
1.5.9,plain,18
1.5.9,plain,20
1.5.9,plain,20
1.5.9,plain,38
1.5.9,plain,18
1.5.9,plain,20
1.5.9,plain,20
1.5.9,plain,20
1.5.9,plain,20
1.5.9,plain,20
1.5.9,plain,42
1.5.9,plain,20
1.5.9,plain,22
1.5.9,plain,28
1.5.9,plain,28
1.5.9,plain,42
1.5.9,plain,42
1.5.9,plain,30
1.5.9,plain,36
1.5.9,plain,36
1.5.9,plain,40
1.5.9,plain,40
1.5.9,plain,42
1.5.9,plain,20
1.5.9,plain,20
1.5.9,plain,40
1.5.9,plain,8
1.5.9,plain,20
1.5.9,plain,8
1.5.9,plain,42
1.5.9,plain,42
1.5.9,plain,8
1.5.9,plain,42
1.5.9,plain,20
1.5.9,plain,8
1.5.9,plain,10
1.5.9,plain,10
1.5.9,plain,10
1.5.9,plain,10
1.5.9,plain,10
1.5.9,plain,10
1.5.9,plain,40
1.5.9,plain,18
1.5.9,plain,20
1.5.9,plain,28
1.5.9,plain,28
1.5.9,plain,40
1.5.9,plain,18
1.5.9,plain,20
1.5.9,plain,36
1.5.9,plain,42
1.5.9,plain,42
1.5.9,plain,20
1.5.9,plain,28
1.5.9,plain,18
1.5.9,plain,42
1.5.9,plain,10
1.5.9,plain,20
1.5.9,plain,10
1.5.9,plain,8
1.5.9,plain,8
1.5.9,plain,8
1.5.9,plain,8
1.5.9,plain,8
1.5.9,plain,8
1.5.9,plain,8
1.5.9,plain,8
1.5.9,plain,8
1.5.9,plain,8
1.5.9,plain,8
1.5.9,plain,8
1.5.9,plain,8
1.5.9,plain,8
1.5.9,plain,8
1.5.9,plain,8
1.5.9,plain,8
1.5.9,plain,8
1.5.9,plain,8
1.5.9,plain,8
1.5.9,plain,8
1.5.9,plain,8
1.5.9,plain,8
1.5.9,plain,8
1.5.9,plain,12
1.5.9,plain,10
1.5.9,plain,8
1.5.9,plain,10
1.5.9,plain,8
1.5.9,plain,8
1.5.9,plain,10
1.5.9,plain,18
1.5.9,plain,8
1.5.9,plain,16
1.5.9,plain,8
1.5.9,plain,8
1.5.9,plain,18
1.5.9,plain,10
1.5.9,plain,40
1.5.9,plain,40
1.5.9,plain,40
1.5.9,plain,40
1.5.9,plain,42
1.5.9,plain,42
1.5.9,plain,40
1.5.9,plain,40
1.5.9,plain,42
1.5.9,plain,40
1.5.9,plain,46
1.5.9,plain,42
1.5.9,plain,42
1.5.9,plain,48
1.5.9,plain,42
1.5.9,plain,42
1.5.9,plain,48
1.5.9,plain,42
1.5.9,plain,44
1.5.9,plain,34
1.5.9,plain,34
1.5.9,plain,34
1.5.9,plain,32
1.5.9,plain,34
1.5.9,plain,38
1.5.9,plain,34
1.5.9,plain,20
1.5.9,plain,20
1.5.9,plain,20
1.5.9,plain,20
1.5.9,plain,36
1.5.9,plain,36
1.5.9,plain,36
1.5.9,plain,36
1.5.9,plain,36
1.5.9,plain,36
1.5.9,plain,38
1.5.9,plain,36
1.5.9,plain,36
1.5.9,plain,36
1.5.9,plain,36
1.5.9,plain,36
1.5.9,plain,36
1.5.9,plain,36
1.5.9,plain,36
1.5.9,plain,36
1.5.9,plain,44
1.5.9,plain,40
1.5.9,plain,46
1.5.9,plain,12
1.5.9,plain,10
1.5.9,plain,12
1.5.9,plain,12
1.5.9,plain,12
1.5.9,plain,12
1.5.9,plain,12
1.5.9,plain,14
1.5.9,plain,14
1.5.9,plain,14
1.5.9,plain,14
1.5.9,plain,12
1.5.9,plain,14
1.5.9,plain,16
1.5.9,plain,14
1.5.9,plain,14
1.5.9,plain,14
1.5.9,plain,22
1.5.9,plain,20
1.5.9,plain,20
1.5.9,plain,8
1.5.9,plain,36
1.5.9,plain,34
1.5.9,plain,34
1.5.9,plain,34
1.5.9,plain,44
1.5.9,plain,42
1.5.9,plain,12
1.5.9,plain,20
1.5.9,plain,42
1.5.9,plain,30
1.5.9,plain,20
1.5.9,plain,8
1.5.9,plain,10
1.5.9,plain,18
1.5.9,plain,24
1.5.9,plain,26
1.5.9,plain,26
1.5.9,plain,26
1.5.9,plain,26
1.5.9,plain,26
1.5.9,plain,26
1.5.9,plain,26
1.5.9,plain,26
1.5.9,plain,26
1.5.9,plain,26
1.5.9,plain,28
1.5.9,plain,28
1.5.9,plain,26
1.5.9,plain,26
1.5.9,plain,26
1.5.9,plain,26
1.5.9,plain,26
1.5.9,plain,28
1.5.9,plain,26
1.5.9,plain,26
1.5.9,plain,26
1.5.9,plain,28
1.5.9,plain,26
1.5.9,plain,26
1.5.9,plain,26
1.5.9,plain,26
1.5.9,plain,26
1.5.9,plain,26
1.5.9,plain,28
1.5.9,plain,28
1.5.9,plain,28
1.5.9,plain,28
1.5.9,plain,28
1.5.9,plain,24
1.5.9,plain,28
1.5.9,plain,26
1.5.9,plain,26
1.5.9,plain,28
1.5.9,plain,26
1.5.9,plain,26
1.5.9,plain,34
1.5.9,plain,16
1.5.9,plain,24
1.5.9,plain,24
1.5.9,plain,22
1.5.9,plain,10
1.5.9,plain,14
1.5.9,plain,14
1.5.9,plain,32
1.5.9,plain,10
1.5.9,plain,30
1.5.9,plain,32
1.5.9,plain,30
1.5.9,plain,36
1.5.9,plain,24
1.5.9,plain,26
1.5.9,plain,32
1.5.9,plain,14
1.5.9,plain,12
1.5.9,plain,14
1.5.9,plain,14
1.5.9,plain,20
1.5.9,plain,20
1.5.9,plain,20
1.5.9,plain,20
1.5.9,plain,20
1.5.9,plain,20
1.5.9,plain,20
1.5.9,plain,20
1.5.9,plain,20
1.5.9,plain,20
1.5.9,plain,20
1.5.9,plain,20
1.5.9,plain,20
1.5.9,plain,20
1.5.9,plain,20
1.5.9,plain,20
1.5.9,plain,20
1.5.9,plain,20
1.5.9,plain,20
1.5.9,plain,20
1.5.9,plain,20
1.5.9,plain,20
1.5.9,plain,20
1.5.9,plain,20
1.5.9,plain,20
1.5.9,plain,20
1.5.9,plain,18
1.5.9,plain,20
1.5.9,plain,16
1.5.9,plain,22
1.5.9,plain,10
1.5.9,plain,10
1.5.9,plain,10
1.5.9,plain,10
1.5.9,plain,8
1.5.9,plain,18
1.5.9,plain,12
1.5.9,plain,18
1.5.9,plain,8
1.5.9,plain,8
1.5.9,plain,20
1.5.9,plain,14
1.5.9,plain,20
1.5.9,plain,16
1.5.9,plain,20
1.5.9,plain,16
1.5.9,plain,14
1.5.9,plain,22
1.5.9,plain,20
1.5.9,plain,20
1.5.9,plain,20
1.5.9,plain,22
1.5.9,plain,22
1.5.9,plain,34
1.5.9,plain,46
1.5.9,plain,48
1.5.9,plain,40
1.5.9,plain,50
1.5.9,plain,10
1.5.9,plain,40
1.5.9,plain,40
1.5.9,plain,40
1.5.9,plain,10
1.5.9,plain,40
1.5.9,plain,34
1.5.9,plain,20
1.5.9,plain,8
1.5.9,plain,8
1.5.9,plain,8
1.5.9,plain,8
1.5.9,plain,8
1.5.9,plain,8
1.5.9,plain,12
1.5.9,plain,12
1.5.9,plain,12
1.5.9,plain,12
1.5.9,plain,12
1.5.9,plain,12
1.5.9,plain,12
1.5.9,plain,12
1.5.9,plain,10
1.5.9,plain,12
1.5.9,plain,12
1.5.9,plain,12
1.5.9,plain,12
1.5.9,plain,8
1.5.9,plain,8
1.5.9,plain,10
1.5.9,plain,10
1.5.9,plain,10
1.5.9,plain,12
1.5.9,plain,8
1.5.9,plain,8
1.5.9,plain,8
1.5.9,plain,16
1.5.9,plain,10
1.5.9,plain,40
1.5.9,plain,42
1.5.9,plain,40
1.5.9,plain,12
1.5.9,plain,40
1.5.9,plain,40
1.5.9,plain,42
1.5.9,plain,42
1.5.9,plain,42
1.5.9,plain,20
1.5.9,plain,8
1.5.9,plain,42
1.5.9,plain,8
1.5.9,plain,40
1.5.9,plain,32
1.5.9,plain,38
1.5.9,plain,32
1.5.9,plain,34
1.5.9,plain,28
1.5.9,plain,26
1.5.9,plain,22
1.5.9,plain,40
1.5.9,plain,22
1.5.9,plain,38
1.5.9,plain,34
1.5.9,plain,34
1.5.9,plain,30
1.5.9,plain,30
1.5.9,plain,24
1.5.9,plain,30
1.5.9,plain,30
1.5.9,plain,30
1.5.9,plain,30
1.5.9,plain,32
1.5.9,plain,30
1.5.9,plain,38
1.5.9,plain,42
1.5.9,plain,38
1.5.9,plain,42
1.5.9,plain,42
1.5.9,plain,38
1.5.9,plain,44
1.5.9,plain,30
1.5.9,plain,34
1.5.9,plain,38
1.5.9,plain,30
1.5.9,plain,30
1.5.9,plain,30
1.5.9,plain,26
1.5.9,plain,30
1.5.9,plain,34
1.5.9,plain,30
1.5.9,plain,36
1.5.9,plain,30
1.5.9,plain,30
1.5.9,plain,30
1.5.9,plain,30
1.5.9,plain,30
1.5.9,plain,48
1.5.9,plain,52
1.5.9,plain,46
1.5.9,plain,44
1.5.9,plain,14
1.5.9,plain,26
1.5.9,plain,26
1.5.9,plain,26
1.5.9,plain,8
1.5.9,plain,26
1.5.9,plain,26
1.5.9,plain,26
1.5.9,plain,26
1.5.9,plain,26
1.5.9,plain,26
1.5.9,plain,26
1.5.9,plain,26
1.5.9,plain,26
1.5.9,plain,26
1.5.9,plain,26
1.5.9,plain,26
1.5.9,plain,26
1.5.9,plain,26
1.5.9,plain,26
1.5.9,plain,26
1.5.9,plain,22
1.5.9,plain,26
1.5.9,plain,26
1.5.9,plain,26
1.5.9,plain,26
1.5.9,plain,26
1.5.9,plain,26
1.5.9,plain,26
1.5.9,plain,26
1.5.9,plain,26
1.5.9,plain,26
1.5.9,plain,26
1.5.9,plain,26
1.5.9,plain,26
1.5.9,plain,26
1.5.9,plain,26
1.5.9,plain,26
1.5.9,plain,26
1.5.9,plain,26
1.5.9,plain,26
1.5.9,plain,26
1.5.9,plain,26
1.5.9,plain,26
1.5.9,plain,26
1.5.9,plain,26
1.5.9,plain,26
1.5.9,plain,26
1.5.9,plain,26
1.5.9,plain,26
1.5.9,plain,26
1.5.9,plain,26
1.5.9,plain,26
1.5.9,plain,26
1.5.9,plain,26
1.5.9,plain,26
1.5.9,plain,26
1.5.9,plain,26
1.5.9,plain,26
1.5.9,plain,26
1.5.9,plain,26
1.5.9,plain,26
1.5.9,plain,26
1.5.9,plain,26
1.5.9,plain,26
1.5.9,plain,26
1.5.9,plain,26
1.5.9,plain,26
1.5.9,plain,26
1.5.9,plain,26
1.5.9,plain,26
1.5.9,plain,26
1.5.9,plain,26
1.5.9,plain,26
1.5.9,plain,26
1.5.9,plain,26
1.5.9,plain,26
1.5.9,plain,26
1.5.9,plain,26
1.5.9,plain,26
1.5.9,plain,26
1.5.9,plain,26
1.5.9,plain,26
1.5.9,plain,26
1.5.9,plain,26
1.5.9,plain,26
1.5.9,plain,26
1.5.9,plain,26
1.5.9,plain,26
1.5.9,plain,26
1.5.9,plain,24
1.5.9,plain,26
1.5.9,plain,26
1.5.9,plain,26
1.5.9,plain,26
1.5.9,plain,26
1.5.9,plain,26
1.5.9,plain,8
1.5.9,plain,28
1.5.9,plain,18
1.5.9,plain,12
1.5.9,plain,12
1.5.9,plain,12
1.5.9,plain,12
1.5.9,plain,14
1.5.9,plain,13
1.5.9,plain,13
1.5.9,plain,12
1.5.9,plain,14
1.5.9,plain,24
1.5.9,plain,16
1.5.9,plain,22
1.5.9,plain,20
1.5.9,plain,20
1.5.9,plain,20
1.5.9,plain,20
1.5.9,plain,20
1.5.9,plain,20
1.5.9,plain,20
1.5.9,plain,20
1.5.9,plain,20
1.5.9,plain,20
1.5.9,plain,20
1.5.9,plain,20
1.5.9,plain,20
1.5.9,plain,20
1.5.9,plain,20
1.5.9,plain,20
1.5.9,plain,20
1.5.9,plain,20
1.5.9,plain,20
1.5.9,plain,20
1.5.9,plain,20
1.5.9,plain,20
1.5.9,plain,20
1.5.9,plain,20
1.5.9,plain,20
1.5.9,plain,20
1.5.9,plain,20
1.5.9,plain,20
1.5.9,plain,20
1.5.9,plain,20
1.5.9,plain,20
1.5.9,plain,20
1.5.9,plain,20
1.5.9,plain,20
1.5.9,plain,20
1.5.9,plain,16
1.5.9,plain,18
1.5.9,plain,18
1.5.9,plain,18
1.5.9,plain,18
1.5.9,plain,20
1.5.9,plain,20
1.5.9,plain,18
1.5.9,plain,26
1.5.9,plain,22
1.5.9,plain,22
1.5.9,plain,28
1.5.9,plain,8
1.5.9,plain,18
1.5.9,plain,18
1.5.9,plain,18
1.5.9,plain,18
1.5.9,plain,18
1.5.9,plain,20
1.5.9,plain,20
1.5.9,plain,40
1.5.9,plain,40
1.5.9,plain,28
1.5.9,plain,8
1.5.9,plain,8
1.5.9,plain,8
1.5.9,plain,8
1.5.9,plain,8
1.5.9,plain,8
1.5.9,plain,14
1.5.9,plain,10
1.5.9,plain,10
1.5.9,plain,8
1.5.9,plain,8
1.5.9,plain,8
1.5.9,plain,8
1.5.9,plain,8
1.5.9,plain,8
1.5.9,plain,8
1.5.9,plain,12
1.5.9,plain,32
1.5.9,plain,12
1.5.9,plain,32
1.5.9,plain,40
1.5.9,plain,32
1.5.9,plain,32
1.5.9,plain,30
1.5.9,plain,28
1.5.9,plain,30
1.5.9,plain,26
1.5.9,plain,28
1.5.9,plain,26
1.5.9,plain,22
1.5.9,plain,20
1.5.9,plain,42
1.5.9,plain,40
1.5.9,plain,36
1.5.9,plain,20
1.5.9,plain,28
1.5.9,plain,40
1.5.9,plain,22
1.5.9,plain,28
1.5.9,plain,20
1.5.9,plain,22
1.5.9,plain,30
1.5.9,plain,22
1.5.9,plain,28
1.5.9,plain,24
1.5.9,plain,22
1.5.9,plain,28
1.5.9,plain,20
1.5.9,plain,22
1.5.9,plain,34
1.5.9,plain,20
1.5.9,plain,38
1.5.9,plain,30
1.5.9,plain,22
1.5.9,plain,30
1.5.9,plain,20
1.5.9,plain,22
1.5.9,plain,40
1.5.9,plain,54
1.5.9,plain,48
1.5.9,plain,26
1.5.9,plain,26
1.5.9,plain,26
1.5.9,plain,26
1.5.9,plain,26
1.5.9,plain,26
1.5.9,plain,26
1.5.9,plain,26
1.5.9,plain,26
1.5.9,plain,26
1.5.9,plain,26
1.5.9,plain,26
1.5.9,plain,26
1.5.9,plain,26
1.5.9,plain,26
1.5.9,plain,26
1.5.9,plain,26
1.5.9,plain,26
1.5.9,plain,26
1.5.9,plain,26
1.5.9,plain,26
1.5.9,plain,26
1.5.9,plain,26
1.5.9,plain,26
1.5.9,plain,26
1.5.9,plain,26
1.5.9,plain,26
1.5.9,plain,26
1.5.9,plain,26
1.5.9,plain,26
1.5.9,plain,26
1.5.9,plain,26
1.5.9,plain,26
1.5.9,plain,26
1.5.9,plain,8
1.5.9,plain,24
1.5.9,plain,10
1.5.9,plain,24
1.5.9,plain,26
1.5.9,plain,26
1.5.9,plain,26
1.5.9,plain,26
1.5.9,plain,26
1.5.9,plain,26
1.5.9,plain,26
1.5.9,plain,26
1.5.9,plain,26
1.5.9,plain,26
1.5.9,plain,26
1.5.9,plain,26
1.5.9,plain,26
1.5.9,plain,26
1.5.9,plain,26
1.5.9,plain,26
1.5.9,plain,26
1.5.9,plain,26
1.5.9,plain,26
1.5.9,plain,26
1.5.9,plain,26
1.5.9,plain,26
1.5.9,plain,26
1.5.9,plain,26
1.5.9,plain,26
1.5.9,plain,26
1.5.9,plain,26
1.5.9,plain,26
1.5.9,plain,26
1.5.9,plain,26
1.5.9,plain,26
1.5.9,plain,26
1.5.9,plain,26
1.5.9,plain,26
1.5.9,plain,26
1.5.9,plain,26
1.5.9,plain,26
1.5.9,plain,26
1.5.9,plain,26
1.5.9,plain,26
1.5.9,plain,26
1.5.9,plain,26
1.5.9,plain,26
1.5.9,plain,26
1.5.9,plain,26
1.5.9,plain,26
1.5.9,plain,26
1.5.9,plain,26
1.5.9,plain,26
1.5.9,plain,26
1.5.9,plain,26
1.5.9,plain,24
1.5.9,plain,26
1.5.9,plain,14
1.5.9,plain,14
1.5.9,plain,14
1.5.9,plain,14
1.5.9,plain,13
1.5.9,plain,14
1.5.9,plain,20
1.5.9,plain,20
1.5.9,plain,20
1.5.9,plain,16
1.5.9,plain,8
1.5.9,plain,20
1.5.9,plain,20
1.5.9,plain,40
1.5.9,plain,30
1.5.9,plain,8
1.5.9,plain,8
1.5.9,plain,8
1.5.9,plain,8
1.5.9,plain,8
1.5.9,plain,10
1.5.9,plain,10
1.5.9,plain,10
1.5.9,plain,10
1.5.9,plain,10
1.5.9,plain,10
1.5.9,plain,10
1.5.9,plain,10
1.5.9,plain,10
1.5.9,plain,10
1.5.9,plain,10
1.5.9,plain,10
1.5.9,plain,10
1.5.9,plain,10
1.5.9,plain,10
1.5.9,plain,10
1.5.9,plain,10
1.5.9,plain,10
1.5.9,plain,10
1.5.9,plain,8
1.5.9,plain,8
1.5.9,plain,8
1.5.9,plain,10
1.5.9,plain,34
1.5.9,plain,28
1.5.9,plain,30
1.5.9,plain,32
1.5.9,plain,26
1.5.9,plain,12
1.5.9,plain,12
1.5.9,plain,12
1.5.9,plain,12
1.5.9,plain,12
1.5.9,plain,12
1.5.9,plain,12
1.5.9,plain,12
1.5.9,plain,12
1.5.9,plain,12
1.5.9,plain,12
1.5.9,plain,12
1.5.9,plain,12
1.5.9,plain,30
1.5.9,plain,32
1.5.9,plain,24
1.5.9,plain,20
1.5.9,plain,34
1.5.9,plain,28
1.5.9,plain,20
1.5.9,plain,20
1.5.9,plain,20
1.5.9,plain,12
1.5.9,plain,20
1.5.9,plain,34
1.5.9,plain,12
1.5.9,plain,28
1.5.9,plain,30
1.5.9,plain,28
1.5.9,plain,14
1.5.9,plain,20
1.5.9,plain,12
1.5.9,plain,20
1.5.9,plain,36
1.5.9,plain,40
1.5.9,plain,32
1.5.9,plain,32
1.5.9,plain,46
1.5.9,plain,54
1.5.9,plain,46
1.5.9,plain,54
1.5.9,plain,54
1.5.9,plain,46
1.5.9,plain,56
1.5.9,plain,40
1.5.9,plain,48
1.5.9,plain,26
1.5.9,plain,26
1.5.9,plain,26
1.5.9,plain,26
1.5.9,plain,26
1.5.9,plain,26
1.5.9,plain,26
1.5.9,plain,26
1.5.9,plain,26
1.5.9,plain,26
1.5.9,plain,26
1.5.9,plain,26
1.5.9,plain,26
1.5.9,plain,26
1.5.9,plain,26
1.5.9,plain,26
1.5.9,plain,26
1.5.9,plain,26
1.5.9,plain,26
1.5.9,plain,26
1.5.9,plain,26
1.5.9,plain,26
1.5.9,plain,26
1.5.9,plain,26
1.5.9,plain,26
1.5.9,plain,26
1.5.9,plain,26
1.5.9,plain,26
1.5.9,plain,26
1.5.9,plain,26
1.5.9,plain,26
1.5.9,plain,10
1.5.9,plain,10
1.5.9,plain,10
1.5.9,plain,26
1.5.9,plain,26
1.5.9,plain,26
1.5.9,plain,26
1.5.9,plain,26
1.5.9,plain,26
1.5.9,plain,26
1.5.9,plain,26
1.5.9,plain,26
1.5.9,plain,26
1.5.9,plain,26
1.5.9,plain,26
1.5.9,plain,24
1.5.9,plain,26
1.5.9,plain,26
1.5.9,plain,26
1.5.9,plain,26
1.5.9,plain,26
1.5.9,plain,26
1.5.9,plain,26
1.5.9,plain,26
1.5.9,plain,26
1.5.9,plain,26
1.5.9,plain,26
1.5.9,plain,26
1.5.9,plain,26
1.5.9,plain,24
1.5.9,plain,24
1.5.9,plain,24
1.5.9,plain,16
1.5.9,plain,20
1.5.9,plain,36
1.5.9,plain,30
1.5.9,plain,28
1.5.9,plain,24
1.5.9,plain,8
1.5.9,plain,8
1.5.9,plain,14
1.5.9,plain,10
1.5.9,plain,10
1.5.9,plain,10
1.5.9,plain,10
1.5.9,plain,10
1.5.9,plain,10
1.5.9,plain,10
1.5.9,plain,10
1.5.9,plain,10
1.5.9,plain,10
1.5.9,plain,10
1.5.9,plain,8
1.5.9,plain,8
1.5.9,plain,12
1.5.9,plain,22
1.5.9,plain,24
1.5.9,plain,26
1.5.9,plain,20
1.5.9,plain,8
1.5.9,plain,28
1.5.9,plain,34
1.5.9,plain,14
1.5.9,plain,14
1.5.9,plain,22
1.5.9,plain,54
1.5.9,plain,26
1.5.9,plain,26
1.5.9,plain,26
1.5.9,plain,26
1.5.9,plain,26
1.5.9,plain,26
1.5.9,plain,26
1.5.9,plain,26
1.5.9,plain,26
1.5.9,plain,26
1.5.9,plain,26
1.5.9,plain,36
1.5.9,plain,28
1.5.9,plain,8
1.5.9,plain,8
1.5.9,plain,8
1.5.9,plain,14
1.5.9,plain,10
1.5.9,plain,14
1.5.9,plain,14
1.5.9,plain,14
1.5.9,plain,10
1.5.9,plain,12
1.5.9,plain,12
1.5.9,plain,14
1.5.9,plain,26
1.5.9,plain,8
1.5.9,plain,12
1.5.9,plain,8
1.5.9,plain,12
1.5.9,plain,12
1.5.9,plain,12
1.5.9,plain,8
1.5.9,plain,8
1.5.9,plain,8
1.5.9,plain,8
1.5.9,plain,12
1.5.9,plain,12
1.5.9,plain,8
1.5.9,plain,8
1.5.9,plain,8
1.5.9,plain,8
1.5.9,plain,8
1.5.9,plain,8
1.5.9,plain,8
1.5.9,plain,8
1.5.9,plain,8
1.5.9,plain,8
1.5.9,plain,8
1.5.9,plain,26
1.5.9,plain,22
1.5.9,plain,26
1.5.9,plain,26
1.5.9,plain,26
1.5.9,plain,26
1.5.9,plain,26
1.5.9,plain,26
1.5.9,plain,26
1.5.9,plain,10
1.5.9,plain,10
1.5.9,plain,22
1.5.9,plain,10
1.5.9,plain,26
1.5.9,plain,10
1.5.9,plain,10
1.5.9,plain,10
1.5.9,plain,22
1.5.9,plain,22
1.5.9,plain,22
1.5.9,plain,48
1.5.9,plain,40
1.5.9,plain,46
1.5.9,plain,40
1.5.9,plain,26
1.5.9,plain,28
1.5.9,plain,12
1.5.9,plain,11
1.5.9,plain,20
1.5.9,plain,20
1.5.9,plain,32
1.5.9,plain,14
1.5.9,plain,42
1.5.9,plain,8
1.5.9,plain,20
1.5.9,plain,22
1.5.9,plain,26
1.5.9,plain,26
1.5.9,plain,20
1.5.9,plain,12
1.5.9,plain,20
1.5.9,plain,14
1.5.9,plain,8
1.5.9,plain,8
1.5.9,plain,8
1.5.9,plain,8
1.5.9,plain,54
1.5.9,plain,14
1.5.9,plain,22
1.5.9,plain,20
1.5.9,plain,38
1.5.9,plain,8
1.5.9,plain,8
1.5.9,plain,16
1.5.9,plain,26
1.5.9,plain,8
1.5.9,plain,16
1.5.9,plain,42
1.5.9,plain,28
1.5.9,plain,8
1.5.9,plain,26
1.5.9,plain,16
1.5.9,plain,42
1.5.9,plain,42
1.5.9,plain,8
1.5.9,plain,15
1.5.9,plain,26
1.5.9,plain,22
1.5.9,plain,20
1.5.9,plain,15
1.5.9,plain,15
1.5.9,plain,16
1.5.9,plain,26
1.5.9,plain,26
1.5.9,plain,26
1.5.9,plain,26
1.5.9,plain,26
1.5.9,plain,26
1.5.9,plain,26
1.5.9,plain,18
1.5.9,plain,22
1.5.9,plain,22
1.5.9,plain,22
1.5.9,plain,20
1.5.9,plain,12
1.5.9,plain,10
1.5.9,plain,46
1.5.9,plain,22
1.5.9,plain,34
1.5.9,plain,26
1.5.9,plain,30
1.5.9,plain,20
1.5.9,plain,38
1.5.9,plain,12
1.5.9,plain,20
1.5.9,plain,16
1.5.9,plain,10
1.5.9,plain,12
1.5.9,plain,12
1.5.9,plain,10
1.5.9,plain,10
1.5.9,plain,12
1.5.9,plain,32
1.5.9,plain,30
1.5.9,plain,30
1.5.9,plain,12
1.5.9,plain,24
1.5.9,plain,26
1.5.9,plain,22
1.5.9,plain,26
1.5.9,plain,17
1.5.9,plain,22
1.5.9,plain,26
1.5.9,plain,26
1.5.9,plain,20
1.5.9,plain,16
1.5.9,plain,26
1.5.9,plain,16
1.5.9,plain,16
1.5.9,plain,30
1.5.9,plain,26
1.5.9,plain,20
1.5.9,plain,18
1.5.9,plain,22
1.5.9,plain,10
1.5.9,plain,56
1.5.9,plain,40
1.5.9,plain,26
1.5.9,plain,14
1.5.9,plain,22
1.5.9,plain,12
1.5.9,plain,20
1.5.9,plain,18
1.5.9,plain,8
1.5.9,plain,24
1.5.9,plain,18
1.5.9,plain,12
1.5.9,plain,34
1.5.9,plain,46
1.5.9,plain,14
1.5.9,plain,16
1.5.9,plain,10
1.5.9,plain,10
1.5.9,plain,8
1.5.9,plain,14
1.5.9,plain,36
1.5.9,plain,20
1.5.9,plain,30
1.5.9,plain,26
1.5.9,plain,26
1.5.9,plain,34
1.5.9,plain,8
1.5.9,plain,26
1.5.9,plain,26
1.5.9,plain,46
1.5.9,plain,44
1.5.9,plain,66
1.5.9,plain,26
1.5.9,plain,26
1.5.9,plain,20
1.5.9,plain,22
1.5.9,plain,22
1.5.9,plain,10
1.5.9,plain,20
1.5.9,plain,12
1.5.9,plain,12
1.5.9,plain,8
1.5.9,plain,40
1.5.9,plain,24
1.5.9,plain,28
1.5.9,plain,30
1.5.9,plain,26
1.5.9,plain,18
1.5.9,plain,24
1.5.9,plain,18
1.5.9,plain,22
1.5.9,plain,24
1.5.9,plain,22
1.5.9,plain,36
1.5.9,plain,10
1.5.9,plain,24
1.5.9,plain,20
1.5.9,plain,22
1.5.9,plain,10
1.5.9,plain,28
1.5.9,plain,12
1.5.9,plain,16
1.5.9,plain,12
1.5.9,plain,12
1.5.9,plain,12
1.5.9,plain,12
1.5.9,plain,12
1.5.9,plain,14
1.5.9,plain,8
1.5.9,plain,16
1.5.9,plain,20
1.5.9,plain,16
1.5.9,plain,24
1.5.9,plain,8
1.5.9,plain,12
1.5.9,plain,12
1.5.9,plain,12
1.5.9,plain,15
1.5.9,plain,17
1.5.9,plain,8
1.5.9,plain,20
1.5.9,plain,8
1.5.9,plain,8
1.5.9,plain,8
1.5.9,plain,8
1.5.9,plain,8
1.5.9,plain,28
1.5.9,plain,20
1.5.9,plain,18
1.5.9,plain,28
1.5.9,plain,16
1.5.9,plain,18
1.5.9,plain,28
1.5.9,plain,12
1.5.9,plain,26
1.5.9,plain,26
1.5.9,plain,26
1.5.9,plain,26
1.5.9,plain,26
1.5.9,plain,8
1.5.9,plain,8
1.5.9,plain,22
1.5.9,plain,24
1.5.9,plain,14
1.5.9,plain,8
1.5.9,plain,10
1.5.9,plain,36
1.5.9,plain,34
1.5.9,plain,32
1.5.9,plain,8
1.5.9,plain,8
1.5.9,plain,12
1.5.9,plain,14
1.5.9,plain,12
1.5.9,plain,16
1.5.9,plain,70
1.5.9,plain,72
1.5.9,plain,56
1.5.9,plain,64
1.5.9,plain,76
1.5.9,plain,78
1.5.9,plain,64
1.5.9,plain,54
1.5.9,plain,10
1.5.9,plain,20
1.5.9,plain,30
1.5.9,plain,8
1.5.9,plain,8
1.5.9,plain,8
1.5.9,plain,44
1.5.9,plain,8
1.5.9,plain,24
1.5.9,plain,28
1.5.9,plain,30
1.5.9,plain,46
1.5.9,plain,54
1.5.9,plain,24
1.5.9,plain,12
1.5.9,plain,20
1.5.9,plain,20
1.5.9,plain,8
1.5.9,plain,8
1.5.9,plain,8
1.5.9,plain,54
1.5.9,plain,8
1.5.9,plain,8
1.5.9,plain,8
1.5.9,plain,8
1.5.9,plain,8
1.5.9,plain,8
1.5.9,plain,8
1.5.9,plain,14
1.5.9,plain,8
1.5.9,plain,8
1.5.9,plain,8
1.5.9,plain,8
1.5.9,plain,8
1.5.9,plain,8
1.5.9,plain,20
1.5.9,plain,16
1.5.9,plain,12
1.5.9,plain,16
1.5.9,plain,8
1.5.9,plain,8
1.5.9,plain,8
1.5.9,plain,8
1.5.9,plain,8
1.5.9,plain,8
1.5.9,plain,8
1.5.9,plain,8
1.5.9,plain,8
1.5.9,plain,8
1.5.9,plain,8
1.5.9,plain,14
1.5.9,plain,8
1.5.9,plain,8
1.5.9,plain,8
1.5.9,plain,8
1.5.9,plain,8
1.5.9,plain,8
1.5.9,plain,8
1.5.9,plain,8
1.5.9,plain,8
1.5.9,plain,8
1.5.9,plain,8
1.5.9,plain,8
1.5.9,plain,8
1.5.9,plain,8
1.5.9,plain,8
1.5.9,plain,26
1.5.9,plain,12
1.5.9,plain,12
1.5.9,plain,12
1.5.9,plain,12
1.5.9,plain,8
1.5.9,plain,8
1.5.9,plain,8
1.5.9,plain,8
1.5.9,plain,8
1.5.9,plain,12
1.5.9,plain,12
1.5.9,plain,12
1.5.9,plain,8
1.5.9,plain,8
1.5.9,plain,8
1.5.9,plain,30
1.5.9,plain,8
1.5.9,plain,14
1.5.9,plain,8
1.5.9,plain,8
1.5.9,plain,8
1.5.9,plain,8
1.5.9,plain,14
1.5.9,plain,14
1.5.9,plain,8
1.5.9,plain,8
1.5.9,plain,14
1.5.9,plain,14
1.5.9,plain,20
1.5.9,plain,12
1.5.9,plain,76
1.5.9,plain,28
1.5.9,plain,42
1.5.9,plain,12
1.5.9,plain,12
1.5.9,plain,14
1.5.9,plain,14
1.5.9,plain,14
1.5.9,plain,12
1.5.9,plain,8
1.5.9,plain,8
1.5.9,plain,8
1.5.9,plain,12
1.5.9,plain,18
1.5.9,plain,8
1.5.9,plain,12
1.5.9,plain,20
1.5.9,plain,12
1.5.9,plain,8
1.5.9,plain,20
1.5.9,plain,20
1.5.9,plain,20
1.5.9,plain,20
1.5.9,plain,26
1.5.9,plain,32
1.5.9,plain,32
1.5.9,plain,78
1.5.9,plain,84
1.5.9,plain,14
1.5.9,plain,42
1.5.9,plain,12
1.5.9,plain,14
1.5.9,plain,84
1.5.9,plain,90
1.5.9,plain,20
1.5.9,plain,8
1.5.9,plain,12
1.5.9,plain,12
1.5.9,plain,12
1.5.9,plain,12
1.5.9,plain,12
1.5.9,plain,12
1.5.9,plain,12
1.5.9,plain,12
1.5.9,plain,12
1.5.9,plain,12
1.5.9,plain,8
1.5.9,plain,12
1.5.9,plain,12
1.5.9,plain,12
1.5.9,plain,12
1.5.9,plain,12
1.5.9,plain,12
1.5.9,plain,12
1.5.9,plain,12
1.5.9,plain,12
1.5.9,plain,12
1.5.9,plain,12
1.5.9,plain,8
1.5.9,plain,34
1.5.9,plain,12
1.5.9,plain,12
1.5.9,plain,8
1.5.9,plain,12
1.5.9,plain,12
1.5.9,plain,12
1.5.9,plain,8
1.5.9,plain,8
1.5.9,plain,12
1.5.9,plain,12
1.5.9,plain,38
1.5.9,plain,8
1.5.9,plain,10
1.5.9,plain,20
1.5.9,plain,20
1.5.9,plain,16
1.5.9,plain,12
1.5.9,plain,18
1.5.9,plain,22
1.5.9,plain,24
1.5.9,plain,32
1.5.9,plain,22
1.5.9,plain,32
1.5.9,plain,34
1.5.9,plain,34
1.5.9,plain,38
1.5.9,plain,94
1.5.9,plain,94
1.5.9,plain,100
1.5.9,plain,90
1.5.9,plain,12
1.5.9,plain,32
1.5.9,plain,16
1.5.9,plain,16
1.5.9,plain,12
1.5.9,plain,14
1.5.9,plain,12
1.5.9,plain,38
1.5.9,plain,100
1.5.9,plain,98
1.5.9,plain,12
1.5.9,plain,78
1.5.9,plain,38
1.5.9,plain,36
1.5.9,plain,62
1.5.9,plain,64
1.5.9,plain,100
1.5.9,plain,90
1.5.9,plain,108
1.5.9,plain,12
1.5.9,plain,108
1.5.9,plain,106
1.5.9,plain,104
1.5.9,plain,140
1.5.9,plain,186
1.5.9,plain,12
1.5.9,plain,12
1.5.9,plain,26
1.5.9,plain,8
1.5.9,plain,8
1.5.9,plain,38
1.5.9,plain,164
1.5.9,plain,196
1.5.9,plain,16
1.5.9,plain,18
1.5.9,plain,20
1.5.9,plain,14
1.5.9,plain,16
1.5.9,plain,8
1.5.9,plain,8
1.5.9,plain,196
1.5.9,plain,208
1.5.9,plain,238
1.5.9,plain,22
1.5.9,plain,244
1.5.9,plain,264
1.5.9,plain,270
1.5.9,plain,24
1.5.9,plain,30
1.5.9,plain,26
1.5.9,plain,36
1.5.9,plain,326
1.5.9,plain,8
1.5.9,plain,8
1.5.9,plain,62
1.5.9,plain,56
1.5.9,plain,20
1.5.9,plain,20
1.5.9,plain,16
1.5.9,plain,8
1.5.9,plain,8
1.5.9,plain,8
1.5.9,plain,8
1.5.9,plain,20
1.5.9,plain,8
1.5.9,plain,90
1.5.9,plain,20
1.5.9,plain,8
1.5.9,plain,8
1.5.9,plain,20
1.5.9,plain,120
1.5.9,plain,8
1.5.9,plain,8
1.5.9,plain,26
1.5.9,plain,8
1.5.9,plain,8
1.5.9,plain,8
1.5.9,plain,216
1.5.9,plain,232
1.5.9,plain,18
1.5.9,plain,18
1.5.9,plain,24
1.5.9,plain,40
1.5.9,plain,68
1.5.9,plain,18
1.5.9,plain,62
1.5.9,plain,8
1.5.9,plain,96
1.5.9,plain,18
1.5.9,plain,18
1.5.9,plain,12
1.5.9,plain,96
1.5.9,plain,92
1.5.9,plain,96
1.5.9,plain,130
1.5.9,plain,8
1.5.9,plain,8
1.5.9,plain,18
1.5.9,plain,20
1.5.9,plain,8
1.5.9,plain,58
1.5.9,plain,32
1.5.9,plain,38
1.5.9,plain,172
1.5.9,plain,32
1.5.9,plain,172
1.5.9,plain,198
1.5.9,plain,198
1.5.9,plain,184
1.5.9,plain,198
1.5.9,plain,244
1.5.9,plain,320
1.5.9,plain,28
1.5.9,plain,22
1.5.9,plain,28
1.5.9,plain,22
1.5.9,plain,34
1.5.9,plain,46
1.5.9,plain,28
1.5.9,plain,28
1.5.9,plain,36
1.5.9,plain,118
1.5.9,plain,46
1.5.9,plain,124
1.5.9,plain,38
1.5.9,plain,28
1.5.9,plain,28
1.5.9,plain,28
1.5.9,plain,30
1.5.9,plain,114
1.5.9,plain,28
1.5.9,plain,28
1.5.9,plain,16
1.5.9,plain,32
1.5.9,plain,22
1.5.9,plain,28
1.5.9,plain,16
1.5.9,plain,22
1.5.9,plain,18
1.5.9,plain,14
1.5.9,plain,22
1.5.9,plain,22
1.5.9,plain,18
1.5.9,plain,12
1.5.9,plain,16
1.5.9,plain,34
1.5.9,plain,40
1.5.9,plain,38
1.5.9,plain,38
1.5.9,plain,40
1.5.9,plain,52
1.5.9,plain,16
1.5.9,plain,38
1.5.9,plain,38
1.5.9,plain,38
1.5.9,plain,40
1.5.9,plain,10
1.5.9,plain,52
1.5.9,plain,38
1.5.9,plain,38
1.5.9,plain,38
1.5.9,plain,44
1.5.9,plain,44
1.5.9,plain,54
1.5.9,plain,31
1.5.9,plain,42
1.5.9,plain,8
1.5.9,plain,38
1.5.9,plain,42
1.5.9,plain,22
1.5.9,plain,46
1.5.9,plain,28
1.5.9,plain,8
1.5.9,plain,8
1.5.9,plain,8
1.5.9,plain,8
1.5.9,plain,42
1.5.9,plain,42
1.5.9,plain,42
1.5.9,plain,46
1.5.9,plain,8
1.5.9,plain,62
1.5.9,plain,50
1.5.9,plain,72
1.5.9,plain,94
1.5.9,plain,96
1.5.9,plain,124
1.5.9,plain,64
1.5.9,plain,54
1.5.9,plain,64
1.5.9,plain,66
1.5.9,plain,90
1.5.9,plain,94
1.5.9,plain,166
1.5.9,plain,66
1.5.9,plain,118
1.5.9,plain,198
1.5.9,plain,8
1.5.9,plain,32
1.5.9,plain,38
1.5.9,plain,232
1.5.9,plain,8
1.5.9,plain,8
1.5.9,plain,8
1.5.9,plain,8
1.5.9,plain,8
1.5.9,plain,8
1.5.9,plain,8
1.5.9,plain,8
1.5.9,plain,8
1.5.9,plain,8
1.5.9,plain,20
1.5.9,plain,8
1.5.9,plain,212
1.5.9,plain,284
1.5.9,plain,306
1.5.9,plain,26
1.5.9,plain,306
1.5.9,plain,366
1.5.9,plain,90
1.5.9,plain,8
1.5.9,plain,8
1.5.9,plain,8
1.5.9,plain,8
1.5.9,plain,60
1.5.9,plain,90
1.5.9,plain,22
1.5.9,plain,8
1.5.9,plain,58
1.5.9,plain,8
1.5.9,plain,8
1.5.9,plain,52
1.5.9,plain,64
1.5.9,plain,8
1.5.9,plain,62
1.5.9,plain,70
1.5.9,plain,158
1.5.9,plain,126
1.5.9,plain,160
1.5.9,plain,152
1.5.9,plain,156
1.5.9,plain,248
1.5.9,plain,90
1.5.9,plain,8
1.5.9,plain,8
1.5.9,plain,8
1.5.9,plain,208
1.5.9,plain,8
1.5.9,plain,8
1.5.9,plain,22
1.5.9,plain,40
1.5.9,plain,8
1.5.9,plain,8
1.5.9,plain,8
1.5.9,plain,8
1.5.9,plain,16
1.5.9,plain,22
1.5.9,plain,88
1.5.9,plain,16
1.5.9,plain,56
1.5.9,plain,68
1.5.9,plain,56
1.5.9,plain,68
1.5.9,plain,62
1.5.9,plain,16
1.5.9,plain,20
1.5.9,plain,92
1.5.9,plain,70
1.5.9,plain,316
1.5.9,plain,500
1.5.9,plain,22
1.5.9,plain,496
1.5.9,plain,556
1.5.9,plain,518
1.5.9,plain,18
1.5.9,plain,66
1.5.9,plain,66
1.5.9,plain,60
1.5.9,plain,72
1.5.9,plain,80
1.5.9,plain,62
1.5.9,plain,60
1.5.9,plain,110
1.5.9,plain,116
1.5.9,plain,128
1.5.9,plain,126
1.5.9,plain,134
1.5.9,plain,54
1.5.9,plain,76
1.5.9,plain,126
1.5.9,plain,120
1.5.9,plain,8
1.5.9,plain,234
1.5.9,plain,100
1.5.9,plain,238
1.5.9,plain,218
1.5.9,plain,244
1.5.9,plain,236
1.5.9,plain,12
1.5.9,plain,14
1.5.9,plain,8
1.5.9,plain,52
1.5.9,plain,44
1.5.9,plain,62
1.5.9,plain,44
1.5.9,plain,44
1.5.9,plain,12
1.5.9,plain,56
1.5.9,plain,18
1.5.9,plain,12
1.5.9,plain,94
1.5.9,plain,56
1.5.9,plain,8
1.5.9,plain,56
1.5.9,plain,62
1.5.9,plain,110
1.5.9,plain,116
1.5.9,plain,102
1.5.9,plain,96
1.5.9,plain,114
1.5.9,plain,8
1.5.9,plain,84
1.5.9,plain,86
1.5.9,plain,42
1.5.9,plain,86
1.5.9,plain,94
1.5.9,plain,18
1.5.9,plain,42
1.5.9,plain,68
1.5.9,plain,192
1.5.9,plain,200
1.5.9,plain,42
1.5.9,plain,698
1.5.9,plain,698
1.5.9,plain,698
1.5.9,plain,698
1.5.9,plain,698
1.5.9,plain,72
1.5.9,plain,72
1.5.9,plain,72
1.5.9,plain,72
1.5.9,plain,66
1.5.9,plain,64
1.5.9,plain,24
1.5.9,plain,8
1.5.9,plain,8
1.5.9,plain,72
1.5.9,plain,20
1.5.9,plain,324
1.5.9,plain,298
1.5.9,plain,274
1.5.9,plain,24
1.5.9,plain,46
1.5.9,plain,14
1.5.9,plain,80
1.5.9,plain,8
1.5.9,plain,8
1.5.9,plain,26
1.5.9,plain,8
1.5.9,plain,8
1.5.9,plain,12
1.5.9,plain,8
1.5.9,plain,8
1.5.9,plain,12
1.5.9,plain,8
1.5.9,plain,14
1.5.9,plain,8
1.5.9,plain,14
1.5.9,plain,8
1.5.9,plain,104
1.5.9,plain,16
1.5.9,plain,350
1.5.9,plain,474
1.5.9,plain,8
1.5.9,plain,472
1.5.9,plain,254
1.5.9,plain,594
1.5.9,plain,474
1.5.9,plain,32
1.5.9,plain,8
1.5.9,plain,8
1.5.9,plain,8
1.5.9,plain,8
1.5.9,plain,8
1.5.9,plain,20
1.5.9,plain,56
1.5.9,plain,84
1.5.9,plain,28
1.5.9,plain,86
1.5.9,plain,8
1.5.9,plain,798
1.5.9,plain,196
1.5.9,plain,34
1.5.9,plain,794
1.5.9,plain,68
1.5.9,plain,62
1.5.9,plain,62
1.5.9,plain,56
1.5.9,plain,56
1.5.9,plain,30
1.5.9,plain,252
1.5.9,plain,270
1.5.9,plain,342
1.5.9,plain,1060
1.5.9,plain,38
1.5.9,plain,40
1.5.9,plain,1008
1.5.9,plain,212
1.5.9,plain,100
1.5.9,plain,114
1.5.9,plain,30
1.5.9,plain,114
1.5.9,plain,17
1.5.9,plain,68
1.5.9,plain,56
1.5.9,plain,60
1.5.9,plain,8
1.5.9,plain,44
1.5.9,plain,110
1.5.9,plain,110
1.5.9,plain,112
1.5.9,plain,462
1.5.9,plain,10
1.5.9,plain,20
1.5.9,plain,116
1.5.9,plain,110
1.5.9,plain,28
1.5.9,plain,988
1.5.9,plain,522
1.5.9,plain,538
1.5.9,plain,26
1.5.9,plain,52
1.5.9,plain,530
1.5.9,plain,536
1.5.9,plain,530
1.5.9,plain,20
1.5.9,plain,18
1.5.9,plain,20
1.5.9,plain,1026
1.5.9,plain,1006
1.5.9,plain,8
1.5.9,plain,18
1.5.9,plain,8
1.5.9,plain,122
1.5.9,plain,1092
1.5.9,plain,1096
1.5.9,plain,8
1.5.9,plain,1004
1.5.9,plain,1098
1.5.9,plain,1974
1.5.9,plain,1094
1.5.9,plain,108
1.5.9,plain,24
1.5.9,plain,24
1.5.9,plain,8
1.5.9,plain,14
1.5.9,plain,8
1.5.9,plain,14
1.5.9,plain,16
1.5.9,plain,20
1.5.9,plain,20
1.5.9,plain,12
1.5.9,plain,8
1.5.9,plain,8
1.5.9,plain,8
1.5.9,plain,8
1.5.9,plain,8
1.5.9,plain,8
1.5.9,plain,8
1.5.9,plain,8
1.5.9,plain,8
1.5.9,plain,8
1.5.9,plain,8
1.5.9,plain,8
1.5.9,plain,8
1.5.9,plain,8
1.5.9,plain,8
1.5.9,plain,8
1.5.9,plain,28
1.5.9,plain,78
1.5.9,plain,26
1.5.9,plain,14
1.5.9,plain,14
1.5.9,plain,8
1.5.9,plain,14
1.5.9,plain,146
1.5.9,plain,8
1.5.9,plain,20
1.5.9,plain,8
1.5.9,plain,92
1.5.9,plain,26
1.5.9,plain,24
1.5.9,plain,24
1.5.9,plain,8
1.5.9,plain,130
1.5.9,plain,8
1.5.9,plain,8
1.5.9,plain,26
1.5.9,plain,18
1.5.9,plain,202
1.5.9,plain,20
1.5.9,plain,26
1.5.9,plain,10
1.5.9,plain,1028
1.5.9,plain,68
1.5.9,plain,14
1.5.9,plain,14
1.5.9,plain,14
1.5.9,plain,20
1.5.9,plain,24
1.5.9,plain,20
1.5.9,plain,214
1.5.9,plain,216
1.5.9,plain,24
1.5.9,plain,32
1.5.9,plain,26
1.5.9,plain,26
1.5.9,plain,102
1.5.9,plain,8
1.5.9,plain,28
1.5.9,plain,8
1.5.9,plain,20
1.5.9,plain,1496
1.5.9,plain,38
1.5.9,plain,38
1.5.9,plain,40
1.5.9,plain,50
1.5.9,plain,86
1.5.9,plain,28
1.5.9,plain,20
1.5.9,plain,140
1.5.9,plain,138
1.5.9,plain,52
1.5.9,plain,18
1.5.9,plain,138
1.5.9,plain,32
1.5.9,plain,24
1.5.9,plain,64
1.5.9,plain,23
1.5.9,plain,10
1.5.9,plain,10
1.5.9,plain,240
1.5.9,plain,210
1.5.9,plain,29
1.5.9,plain,380
1.5.9,plain,389
1.5.9,plain,30
1.5.9,plain,34
1.5.9,plain,32
1.5.9,plain,24
1.5.9,plain,46
1.5.9,plain,16
1.5.9,plain,36
1.5.9,plain,38
1.5.9,plain,200
1.5.9,plain,334
1.5.9,plain,52
1.5.9,plain,1910
1.5.9,plain,24
1.5.9,plain,72
1.5.9,plain,94
1.5.9,plain,34
1.5.9,plain,38
1.5.9,plain,20
1.5.9,plain,8
1.5.9,plain,1800
1.5.9,plain,1596
1.5.9,plain,1770
1.5.9,plain,1598
1.5.9,plain,1770
1.5.9,plain,1782
1.5.9,plain,2476
1.5.9,plain,1854
1.5.9,plain,2456
1.5.9,heap,28
1.5.9,heap,42
1.5.9,heap,28
1.5.9,heap,36
1.5.9,heap,8
1.5.9,heap,8
1.5.9,heap,8
1.5.9,heap,8
1.5.9,heap,8
1.5.9,heap,14
1.5.9,heap,8
1.5.9,heap,8
1.5.9,heap,8
1.5.9,heap,8
1.5.9,heap,8
1.5.9,heap,8
1.5.9,heap,8
1.5.9,heap,24
1.5.9,heap,26
1.5.9,heap,26
1.5.9,heap,26
1.5.9,heap,26
1.5.9,heap,8
1.5.9,heap,26
1.5.9,heap,26
1.5.9,heap,26
1.5.9,heap,26
1.5.9,heap,26
1.5.9,heap,8
1.5.9,heap,26
1.5.9,heap,8
1.5.9,heap,8
1.5.9,heap,8
1.5.9,heap,26
1.5.9,heap,8
1.5.9,heap,8
1.5.9,heap,8
1.5.9,heap,26
1.5.9,heap,8
1.5.9,heap,8
1.5.9,heap,8
1.5.9,heap,8
1.5.9,heap,8
1.5.9,heap,10
1.5.9,heap,8
1.5.9,heap,8
1.5.9,heap,34
1.5.9,heap,8
1.5.9,heap,28
1.5.9,heap,28
1.5.9,heap,8
1.5.9,heap,8
1.5.9,heap,8
1.5.9,heap,22
1.5.9,heap,10
1.5.9,heap,12
1.5.9,heap,20
1.5.9,heap,18
1.5.9,heap,26
1.5.9,heap,28
1.5.9,heap,24
1.5.9,heap,24
1.5.9,heap,26
1.5.9,heap,26
1.5.9,heap,24
1.5.9,heap,24
1.5.9,heap,26
1.5.9,heap,26
1.5.9,heap,26
1.5.9,heap,26
1.5.9,heap,26
1.5.9,heap,26
1.5.9,heap,28
1.5.9,heap,26
1.5.9,heap,26
1.5.9,heap,26
1.5.9,heap,28
1.5.9,heap,26
1.5.9,heap,26
1.5.9,heap,26
1.5.9,heap,26
1.5.9,heap,28
1.5.9,heap,26
1.5.9,heap,26
1.5.9,heap,26
1.5.9,heap,26
1.5.9,heap,26
1.5.9,heap,28
1.5.9,heap,26
1.5.9,heap,26
1.5.9,heap,8
1.5.9,heap,8
1.5.9,heap,8
1.5.9,heap,10
1.5.9,heap,10
1.5.9,heap,10
1.5.9,heap,18
1.5.9,heap,26
1.5.9,heap,26
1.5.9,heap,26
1.5.9,heap,26
1.5.9,heap,8
1.5.9,heap,18
1.5.9,heap,28
1.5.9,heap,8
1.5.9,heap,28
1.5.9,heap,28
1.5.9,heap,28
1.5.9,heap,28
1.5.9,heap,28
1.5.9,heap,28
1.5.9,heap,24
1.5.9,heap,26
1.5.9,heap,10
1.5.9,heap,10
1.5.9,heap,18
1.5.9,heap,20
1.5.9,heap,18
1.5.9,heap,24
1.5.9,heap,28
1.5.9,heap,26
1.5.9,heap,26
1.5.9,heap,10
1.5.9,heap,8
1.5.9,heap,28
1.5.9,heap,26
1.5.9,heap,26
1.5.9,heap,10
1.5.9,heap,8
1.5.9,heap,8
1.5.9,heap,8
1.5.9,heap,8
1.5.9,heap,8
1.5.9,heap,8
1.5.9,heap,8
1.5.9,heap,8
1.5.9,heap,8
1.5.9,heap,8
1.5.9,heap,8
1.5.9,heap,8
1.5.9,heap,8
1.5.9,heap,8
1.5.9,heap,8
1.5.9,heap,8
1.5.9,heap,8
1.5.9,heap,8
1.5.9,heap,8
1.5.9,heap,8
1.5.9,heap,28
1.5.9,heap,28
1.5.9,heap,28
1.5.9,heap,32
1.5.9,heap,30
1.5.9,heap,28
1.5.9,heap,30
1.5.9,heap,28
1.5.9,heap,28
1.5.9,heap,30
1.5.9,heap,30
1.5.9,heap,28
1.5.9,heap,34
1.5.9,heap,28
1.5.9,heap,28
1.5.9,heap,36
1.5.9,heap,16
1.5.9,heap,20
1.5.9,heap,18
1.5.9,heap,18
1.5.9,heap,16
1.5.9,heap,18
1.5.9,heap,24
1.5.9,heap,10
1.5.9,heap,20
1.5.9,heap,20
1.5.9,heap,20
1.5.9,heap,20
1.5.9,heap,24
1.5.9,heap,22
1.5.9,heap,24
1.5.9,heap,20
1.5.9,heap,22
1.5.9,heap,20
1.5.9,heap,30
1.5.9,heap,22
1.5.9,heap,20
1.5.9,heap,22
1.5.9,heap,20
1.5.9,heap,24
1.5.9,heap,26
1.5.9,heap,26
1.5.9,heap,26
1.5.9,heap,26
1.5.9,heap,26
1.5.9,heap,26
1.5.9,heap,26
1.5.9,heap,26
1.5.9,heap,26
1.5.9,heap,28
1.5.9,heap,26
1.5.9,heap,26
1.5.9,heap,26
1.5.9,heap,26
1.5.9,heap,26
1.5.9,heap,26
1.5.9,heap,26
1.5.9,heap,32
1.5.9,heap,26
1.5.9,heap,26
1.5.9,heap,28
1.5.9,heap,10
1.5.9,heap,10
1.5.9,heap,12
1.5.9,heap,10
1.5.9,heap,14
1.5.9,heap,8
1.5.9,heap,26
1.5.9,heap,18
1.5.9,heap,22
1.5.9,heap,24
1.5.9,heap,16
1.5.9,heap,20
1.5.9,heap,8
1.5.9,heap,8
1.5.9,heap,8
1.5.9,heap,24
1.5.9,heap,22
1.5.9,heap,12
1.5.9,heap,22
1.5.9,heap,20
1.5.9,heap,26
1.5.9,heap,26
1.5.9,heap,26
1.5.9,heap,26
1.5.9,heap,26
1.5.9,heap,26
1.5.9,heap,20
1.5.9,heap,20
1.5.9,heap,22
1.5.9,heap,22
1.5.9,heap,22
1.5.9,heap,20
1.5.9,heap,22
1.5.9,heap,22
1.5.9,heap,22
1.5.9,heap,22
1.5.9,heap,22
1.5.9,heap,22
1.5.9,heap,22
1.5.9,heap,22
1.5.9,heap,20
1.5.9,heap,20
1.5.9,heap,22
1.5.9,heap,20
1.5.9,heap,20
1.5.9,heap,20
1.5.9,heap,22
1.5.9,heap,21
1.5.9,heap,21
1.5.9,heap,24
1.5.9,heap,24
1.5.9,heap,18
1.5.9,heap,22
1.5.9,heap,22
1.5.9,heap,22
1.5.9,heap,22
1.5.9,heap,22
1.5.9,heap,22
1.5.9,heap,22
1.5.9,heap,22
1.5.9,heap,22
1.5.9,heap,8
1.5.9,heap,24
1.5.9,heap,18
1.5.9,heap,18
1.5.9,heap,32
1.5.9,heap,30
1.5.9,heap,30
1.5.9,heap,36
1.5.9,heap,18
1.5.9,heap,18
1.5.9,heap,18
1.5.9,heap,10
1.5.9,heap,20
1.5.9,heap,8
1.5.9,heap,10
1.5.9,heap,8
1.5.9,heap,26
1.5.9,heap,26
1.5.9,heap,26
1.5.9,heap,26
1.5.9,heap,26
1.5.9,heap,28
1.5.9,heap,28
1.5.9,heap,24
1.5.9,heap,26
1.5.9,heap,24
1.5.9,heap,24
1.5.9,heap,24
1.5.9,heap,24
1.5.9,heap,24
1.5.9,heap,24
1.5.9,heap,24
1.5.9,heap,24
1.5.9,heap,24
1.5.9,heap,24
1.5.9,heap,24
1.5.9,heap,24
1.5.9,heap,24
1.5.9,heap,24
1.5.9,heap,24
1.5.9,heap,24
1.5.9,heap,24
1.5.9,heap,24
1.5.9,heap,24
1.5.9,heap,24
1.5.9,heap,24
1.5.9,heap,24
1.5.9,heap,24
1.5.9,heap,24
1.5.9,heap,26
1.5.9,heap,21
1.5.9,heap,18
1.5.9,heap,8
1.5.9,heap,18
1.5.9,heap,18
1.5.9,heap,18
1.5.9,heap,26
1.5.9,heap,28
1.5.9,heap,28
1.5.9,heap,28
1.5.9,heap,28
1.5.9,heap,28
1.5.9,heap,28
1.5.9,heap,28
1.5.9,heap,28
1.5.9,heap,26
1.5.9,heap,10
1.5.9,heap,16
1.5.9,heap,18
1.5.9,heap,10
1.5.9,heap,10
1.5.9,heap,18
1.5.9,heap,18
1.5.9,heap,22
1.5.9,heap,10
1.5.9,heap,18
1.5.9,heap,18
1.5.9,heap,20
1.5.9,heap,12
1.5.9,heap,12
1.5.9,heap,24
1.5.9,heap,26
1.5.9,heap,26
1.5.9,heap,26
1.5.9,heap,26
1.5.9,heap,16
1.5.9,heap,10
1.5.9,heap,12
1.5.9,heap,10
1.5.9,heap,10
1.5.9,heap,20
1.5.9,heap,24
1.5.9,heap,10
1.5.9,heap,10
1.5.9,heap,20
1.5.9,heap,24
1.5.9,heap,24
1.5.9,heap,20
1.5.9,heap,14
1.5.9,heap,12
1.5.9,heap,12
1.5.9,heap,14
1.5.9,heap,28
1.5.9,heap,22
1.5.9,heap,26
1.5.9,heap,24
1.5.9,heap,24
1.5.9,heap,24
1.5.9,heap,24
1.5.9,heap,22
1.5.9,heap,14
1.5.9,heap,22
1.5.9,heap,20
1.5.9,heap,20
1.5.9,heap,20
1.5.9,heap,12
1.5.9,heap,20
1.5.9,heap,20
1.5.9,heap,24
1.5.9,heap,26
1.5.9,heap,18
1.5.9,heap,24
1.5.9,heap,24
1.5.9,heap,24
1.5.9,heap,24
1.5.9,heap,26
1.5.9,heap,22
1.5.9,heap,28
1.5.9,heap,18
1.5.9,heap,18
1.5.9,heap,20
1.5.9,heap,20
1.5.9,heap,18
1.5.9,heap,8
1.5.9,heap,16
1.5.9,heap,24
1.5.9,heap,24
1.5.9,heap,24
1.5.9,heap,24
1.5.9,heap,18
1.5.9,heap,16
1.5.9,heap,20
1.5.9,heap,20
1.5.9,heap,26
1.5.9,heap,26
1.5.9,heap,26
1.5.9,heap,26
1.5.9,heap,26
1.5.9,heap,14
1.5.9,heap,10
1.5.9,heap,28
1.5.9,heap,28
1.5.9,heap,28
1.5.9,heap,28
1.5.9,heap,28
1.5.9,heap,8
1.5.9,heap,32
1.5.9,heap,26
1.5.9,heap,26
1.5.9,heap,28
1.5.9,heap,20
1.5.9,heap,8
1.5.9,heap,24
1.5.9,heap,24
1.5.9,heap,24
1.5.9,heap,8
1.5.9,heap,8
1.5.9,heap,8
1.5.9,heap,8
1.5.9,heap,26
1.5.9,heap,10
1.5.9,heap,10
1.5.9,heap,26
1.5.9,heap,26
1.5.9,heap,18
1.5.9,heap,26
1.5.9,heap,26
1.5.9,heap,26
1.5.9,heap,26
1.5.9,heap,26
1.5.9,heap,26
1.5.9,heap,24
1.5.9,heap,24
1.5.9,heap,24
1.5.9,heap,30
1.5.9,heap,24
1.5.9,heap,8
1.5.9,heap,22
1.5.9,heap,16
1.5.9,heap,24
1.5.9,heap,28
1.5.9,heap,18
1.5.9,heap,26
1.5.9,heap,8
1.5.9,heap,10
1.5.9,heap,8
1.5.9,heap,8
1.5.9,heap,24
1.5.9,heap,24
1.5.9,heap,32
1.5.9,heap,38
1.5.9,heap,26
1.5.9,heap,26
1.5.9,heap,26
1.5.9,heap,26
1.5.9,heap,26
1.5.9,heap,26
1.5.9,heap,26
1.5.9,heap,24
1.5.9,heap,24
1.5.9,heap,24
1.5.9,heap,24
1.5.9,heap,24
1.5.9,heap,24
1.5.9,heap,24
1.5.9,heap,24
1.5.9,heap,24
1.5.9,heap,24
1.5.9,heap,24
1.5.9,heap,24
1.5.9,heap,24
1.5.9,heap,24
1.5.9,heap,24
1.5.9,heap,24
1.5.9,heap,24
1.5.9,heap,24
1.5.9,heap,24
1.5.9,heap,24
1.5.9,heap,24
1.5.9,heap,24
1.5.9,heap,24
1.5.9,heap,24
1.5.9,heap,24
1.5.9,heap,24
1.5.9,heap,24
1.5.9,heap,26
1.5.9,heap,28
1.5.9,heap,28
1.5.9,heap,20
1.5.9,heap,22
1.5.9,heap,26
1.5.9,heap,22
1.5.9,heap,26
1.5.9,heap,24
1.5.9,heap,24
1.5.9,heap,24
1.5.9,heap,22
1.5.9,heap,14
1.5.9,heap,22
1.5.9,heap,26
1.5.9,heap,28
1.5.9,heap,20
1.5.9,heap,32
1.5.9,heap,26
1.5.9,heap,28
1.5.9,heap,44
1.5.9,heap,32
1.5.9,heap,48
1.5.9,heap,28
1.5.9,heap,46
1.5.9,heap,42
1.5.9,heap,50
1.5.9,heap,42
1.5.9,heap,64
1.5.9,heap,44
1.5.9,heap,76
1.5.9,heap,78
1.5.9,heap,60
1.5.9,heap,12
1.5.9,heap,82
1.5.9,heap,80
1.5.9,heap,82
1.5.9,heap,84
1.5.9,heap,78
1.5.9,heap,60
1.5.9,heap,112
1.5.9,heap,126
1.5.9,heap,62
1.5.9,heap,130
1.5.9,heap,44
1.5.9,heap,62
1.5.9,heap,130
1.5.9,heap,132
1.5.9,heap,150
1.5.9,heap,176
1.5.9,heap,208
1.5.9,heap,208
1.5.9,heap,210
1.5.9,heap,206
1.5.9,heap,210
1.5.9,heap,190
1.5.9,heap,206
1.5.9,heap,342
1.5.9,heap,348
1.5.9,heap,360
1.5.9,heap,338
1.5.9,heap,278
1.5.9,heap,102
1.5.9,heap,356
1.5.9,heap,26
1.5.9,heap,26
1.5.9,heap,28
1.5.9,heap,36
1.5.9,heap,18
1.5.9,heap,16
1.5.9,heap,26
1.5.9,heap,20
1.5.9,heap,20
1.5.9,heap,28
1.5.9,heap,368
1.5.9,heap,16
1.5.9,heap,8
1.5.9,heap,8
1.5.9,heap,190
1.5.9,heap,26
1.5.9,heap,26
1.5.9,heap,26
1.5.9,heap,26
1.5.9,heap,26
1.5.9,heap,26
1.5.9,heap,26
1.5.9,heap,26
1.5.9,heap,26
1.5.9,heap,26
1.5.9,heap,26
1.5.9,heap,26
1.5.9,heap,26
1.5.9,heap,26
1.5.9,heap,26
1.5.9,heap,26
1.5.9,heap,26
1.5.9,heap,26
1.5.9,heap,26
1.5.9,heap,26
1.5.9,heap,26
1.5.9,heap,26
1.5.9,heap,26
1.5.9,heap,26
1.5.9,heap,26
1.5.9,heap,26
1.5.9,heap,26
1.5.9,heap,26
1.5.9,heap,26
1.5.9,heap,26
1.5.9,heap,26
1.5.9,heap,26
1.5.9,heap,26
1.5.9,heap,26
1.5.9,heap,26
1.5.9,heap,26
1.5.9,heap,26
1.5.9,heap,26
1.5.9,heap,26
1.5.9,heap,26
1.5.9,heap,26
1.5.9,heap,26
1.5.9,heap,26
1.5.9,heap,26
1.5.9,heap,26
1.5.9,heap,26
1.5.9,heap,26
1.5.9,heap,26
1.5.9,heap,26
1.5.9,heap,26
1.5.9,heap,26
1.5.9,heap,26
1.5.9,heap,26
1.5.9,heap,24
1.5.9,heap,8
1.5.9,heap,24
1.5.9,heap,24
1.5.9,heap,24
1.5.9,heap,26
1.5.9,heap,26
1.5.9,heap,26
1.5.9,heap,26
1.5.9,heap,26
1.5.9,heap,26
1.5.9,heap,26
1.5.9,heap,26
1.5.9,heap,26
1.5.9,heap,26
1.5.9,heap,26
1.5.9,heap,50
1.5.9,heap,98
1.5.9,heap,62
1.5.9,heap,38
1.5.9,heap,364
1.5.9,heap,26
1.5.9,heap,26
1.5.9,heap,26
1.5.9,heap,26
1.5.9,heap,26
1.5.9,heap,26
1.5.9,heap,26
1.5.9,heap,26
1.5.9,heap,26
1.5.9,heap,26
1.5.9,heap,16
1.5.9,heap,16
1.5.9,heap,16
1.5.9,heap,14
1.5.9,heap,14
1.5.9,heap,16
1.5.9,heap,14
1.5.9,heap,14
1.5.9,heap,14
1.5.9,heap,28
1.5.9,heap,26
1.5.9,heap,26
1.5.9,heap,24
1.5.9,heap,24
1.5.9,heap,24
1.5.9,heap,26
1.5.9,heap,24
1.5.9,heap,26
1.5.9,heap,24
1.5.9,heap,24
1.5.9,heap,24
1.5.9,heap,24
1.5.9,heap,24
1.5.9,heap,24
1.5.9,heap,24
1.5.9,heap,24
1.5.9,heap,24
1.5.9,heap,24
1.5.9,heap,24
1.5.9,heap,26
1.5.9,heap,26
1.5.9,heap,26
1.5.9,heap,26
1.5.9,heap,26
1.5.9,heap,24
1.5.9,heap,26
1.5.9,heap,24
1.5.9,heap,24
1.5.9,heap,24
1.5.9,heap,24
1.5.9,heap,24
1.5.9,heap,24
1.5.9,heap,24
1.5.9,heap,24
1.5.9,heap,10
1.5.9,heap,18
1.5.9,heap,24
1.5.9,heap,24
1.5.9,heap,24
1.5.9,heap,24
1.5.9,heap,24
1.5.9,heap,24
1.5.9,heap,24
1.5.9,heap,24
1.5.9,heap,24
1.5.9,heap,24
1.5.9,heap,24
1.5.9,heap,24
1.5.9,heap,24
1.5.9,heap,24
1.5.9,heap,24
1.5.9,heap,24
1.5.9,heap,24
1.5.9,heap,24
1.5.9,heap,24
1.5.9,heap,24
1.5.9,heap,24
1.5.9,heap,24
1.5.9,heap,24
1.5.9,heap,24
1.5.9,heap,24
1.5.9,heap,24
1.5.9,heap,24
1.5.9,heap,24
1.5.9,heap,24
1.5.9,heap,24
1.5.9,heap,24
1.5.9,heap,24
1.5.9,heap,18
1.5.9,heap,26
1.5.9,heap,26
1.5.9,heap,26
1.5.9,heap,26
1.5.9,heap,26
1.5.9,heap,24
1.5.9,heap,24
1.5.9,heap,24
1.5.9,heap,24
1.5.9,heap,24
1.5.9,heap,24
1.5.9,heap,24
1.5.9,heap,26
1.5.9,heap,24
1.5.9,heap,24
1.5.9,heap,24
1.5.9,heap,24
1.5.9,heap,24
1.5.9,heap,20
1.5.9,heap,8
1.5.9,heap,10
1.5.9,heap,22
1.5.9,heap,26
1.5.9,heap,26
1.5.9,heap,26
1.5.9,heap,24
1.5.9,heap,12
1.5.9,heap,14
1.5.9,heap,14
1.5.9,heap,8
1.5.9,heap,26
1.5.9,heap,26
1.5.9,heap,24
1.5.9,heap,24
1.5.9,heap,24
1.5.9,heap,24
1.5.9,heap,24
1.5.9,heap,24
1.5.9,heap,24
1.5.9,heap,24
1.5.9,heap,38
1.5.9,heap,24
1.5.9,heap,24
1.5.9,heap,26
1.5.9,heap,24
1.5.9,heap,24
1.5.9,heap,26
1.5.9,heap,26
1.5.9,heap,24
1.5.9,heap,26
1.5.9,heap,26
1.5.9,heap,26
1.5.9,heap,10
1.5.9,heap,10
1.5.9,heap,8
1.5.9,heap,10
1.5.9,heap,10
1.5.9,heap,24
1.5.9,heap,26
1.5.9,heap,26
1.5.9,heap,26
1.5.9,heap,24
1.5.9,heap,24
1.5.9,heap,24
1.5.9,heap,24
1.5.9,heap,24
1.5.9,heap,24
1.5.9,heap,24
1.5.9,heap,24
1.5.9,heap,24
1.5.9,heap,24
1.5.9,heap,24
1.5.9,heap,24
1.5.9,heap,24
1.5.9,heap,26
1.5.9,heap,26
1.5.9,heap,16
1.5.9,heap,10
1.5.9,heap,16
1.5.9,heap,21
1.5.9,heap,26
1.5.9,heap,26
1.5.9,heap,10
1.5.9,heap,10
1.5.9,heap,10
1.5.9,heap,10
1.5.9,heap,10
1.5.9,heap,10
1.5.9,heap,10
1.5.9,heap,10
1.5.9,heap,10
1.5.9,heap,10
1.5.9,heap,10
1.5.9,heap,10
1.5.9,heap,10
1.5.9,heap,10
1.5.9,heap,26
1.5.9,heap,26
1.5.9,heap,24
1.5.9,heap,24
1.5.9,heap,24
1.5.9,heap,24
1.5.9,heap,32
1.5.9,heap,24
1.5.9,heap,10
1.5.9,heap,16
1.5.9,heap,10
1.5.9,heap,26
1.5.9,heap,24
1.5.9,heap,20
1.5.9,heap,24
1.5.9,heap,24
1.5.9,heap,24
1.5.9,heap,22
1.5.9,heap,21
1.5.9,heap,26
1.5.9,heap,20
1.5.9,heap,26
1.5.9,heap,26
1.5.9,heap,24
1.5.9,heap,24
1.5.9,heap,24
1.5.9,heap,20
1.5.9,heap,24
1.5.9,heap,24
1.5.9,heap,10
1.5.9,heap,24
1.5.9,heap,24
1.5.9,heap,24
1.5.9,heap,26
1.5.9,heap,26
1.5.9,heap,26
1.5.9,heap,26
1.5.9,heap,26
1.5.9,heap,26
1.5.9,heap,26
1.5.9,heap,26
1.5.9,heap,26
1.5.9,heap,116
1.5.9,heap,122
1.5.9,heap,8
1.5.9,heap,8
1.5.9,heap,32
1.5.9,heap,24
1.5.9,heap,24
1.5.9,heap,18
1.5.9,heap,18
1.5.9,heap,18
1.5.9,heap,18
1.5.9,heap,16
1.5.9,heap,16
1.5.9,heap,8
1.5.9,heap,10
1.5.9,heap,16
1.5.9,heap,16
1.5.9,heap,26
1.5.9,heap,14
1.5.9,heap,24
1.5.9,heap,26
1.5.9,heap,24
1.5.9,heap,24
1.5.9,heap,26
1.5.9,heap,26
1.5.9,heap,26
1.5.9,heap,26
1.5.9,heap,26
1.5.9,heap,26
1.5.9,heap,26
1.5.9,heap,348
1.5.9,heap,336
1.5.9,heap,14
1.5.9,heap,14
1.5.9,heap,8
1.5.9,heap,30
1.5.9,heap,28
1.5.9,heap,20
1.5.9,heap,20
1.5.9,heap,20
1.5.9,heap,20
1.5.9,heap,348
1.5.9,heap,24
1.5.9,heap,24
1.5.9,heap,158
1.5.9,heap,14
1.5.9,heap,26
1.5.9,heap,26
1.5.9,heap,26
1.5.9,heap,30
1.5.9,heap,30
1.5.9,heap,20
1.5.9,heap,8
1.5.9,heap,10
1.5.9,heap,16
1.5.9,heap,26
1.5.9,heap,26
1.5.9,heap,8
1.5.9,heap,152
1.5.9,heap,8
1.5.9,heap,8
1.5.9,heap,8
1.5.9,heap,8
1.5.9,heap,14
1.5.9,heap,12
1.5.9,heap,10
1.5.9,heap,10
1.5.9,heap,8
1.5.9,heap,8
1.5.9,heap,10
1.5.9,heap,8
1.5.9,heap,10
1.5.9,heap,12
1.5.9,heap,10
1.5.9,heap,28
1.5.9,heap,14
1.5.9,heap,14
1.5.9,heap,22
1.5.9,heap,52
1.5.9,heap,26
1.5.9,heap,26
1.5.9,heap,26
1.5.9,heap,26
1.5.9,heap,26
1.5.9,heap,12
1.5.9,heap,28
1.5.9,heap,10
1.5.9,heap,10
1.5.9,heap,8
1.5.9,heap,16
1.5.9,heap,10
1.5.9,heap,10
1.5.9,heap,10
1.5.9,heap,16
1.5.9,heap,16
1.5.9,heap,16
1.5.9,heap,26
1.5.9,heap,24
1.5.9,heap,20
1.5.9,heap,26
1.5.9,heap,26
1.5.9,heap,26
1.5.9,heap,36
1.5.9,heap,26
1.5.9,heap,26
1.5.9,heap,26
1.5.9,heap,26
1.5.9,heap,8
1.5.9,heap,26
1.5.9,heap,26
1.5.9,heap,10
1.5.9,heap,8
1.5.9,heap,8
1.5.9,heap,444
1.5.9,heap,448
1.5.9,heap,452
1.5.9,heap,454
1.5.9,heap,456
1.5.9,heap,32
1.5.9,heap,458
1.5.9,heap,384
1.5.9,heap,460
1.5.9,heap,480
1.5.9,heap,502
1.5.9,heap,504
1.5.9,heap,548
1.5.9,heap,560
1.5.9,heap,518
1.5.9,heap,558
1.5.9,heap,568
1.5.9,heap,564
1.5.9,heap,580
1.5.9,heap,580
1.5.9,heap,586
1.5.9,heap,588
1.5.9,heap,620
1.5.9,heap,828
1.5.9,heap,32
1.5.9,heap,12
1.5.9,heap,21
1.5.9,heap,21
1.5.9,heap,21
1.5.9,heap,21
1.5.9,heap,26
1.5.9,heap,8
1.5.9,heap,8
1.5.9,heap,10
1.5.9,heap,8
1.5.9,heap,16
1.5.9,heap,24
1.5.9,heap,8
1.5.9,heap,26
1.5.9,heap,26
1.5.9,heap,584
1.5.9,heap,22
1.5.9,heap,22
1.5.9,heap,26
1.5.9,heap,21
1.5.9,heap,21
1.5.9,heap,12
1.5.9,heap,14
1.5.9,heap,12
1.5.9,heap,12
1.5.9,heap,592
1.5.9,heap,580
1.5.9,heap,204
1.5.9,heap,21
1.5.9,heap,21
1.5.9,heap,21
1.5.9,heap,30
1.5.9,heap,30
1.5.9,heap,14
1.5.9,heap,10
1.5.9,heap,8
1.5.9,heap,24
1.5.9,heap,42
1.5.9,heap,42
1.5.9,heap,42
1.5.9,heap,42
1.5.9,heap,42
1.5.9,heap,32
1.5.9,heap,12
1.5.9,heap,10
1.5.9,heap,14
1.5.9,heap,964
1.5.9,heap,21
1.5.9,heap,21
1.5.9,heap,21
1.5.9,heap,21
1.5.9,heap,21
1.5.9,heap,968
1.5.9,heap,970
1.5.9,heap,972
1.5.9,heap,976
1.5.9,heap,972
1.5.9,heap,980
1.5.9,heap,980
1.5.9,heap,980
1.5.9,heap,962
1.5.9,heap,8
1.5.9,heap,19
1.5.9,heap,26
1.5.9,heap,22
1.5.9,heap,8
1.5.9,heap,26
1.5.9,heap,32
1.5.9,heap,28
1.5.9,heap,14
1.5.9,heap,16
1.5.9,heap,18
1.5.9,heap,1062
1.5.9,heap,1058
1.5.9,heap,34
1.5.9,heap,16
1.5.9,heap,8
1.5.9,heap,14
1.5.9,heap,1068
1.5.9,heap,63
1.5.9,heap,916
1.5.9,heap,21
1.5.9,heap,21
1.5.9,heap,36
1.5.9,heap,14
1.5.9,heap,14
1.5.9,heap,8
1.5.9,heap,8
1.5.9,heap,10
1.5.9,heap,196
1.5.9,heap,8
1.5.9,heap,8
1.5.9,heap,8
1.5.9,heap,8
1.5.9,heap,8
1.5.9,heap,188
1.5.9,heap,8
1.5.9,heap,8
1.5.9,heap,24
1.5.9,heap,24
1.5.9,heap,10
1.5.9,heap,26
1.5.9,heap,26
1.5.9,heap,1124
1.5.9,heap,1120
1.5.9,heap,14
1.5.9,heap,16
1.5.9,heap,22
1.5.9,heap,21
1.5.9,heap,8
1.5.9,heap,8
1.5.9,heap,14
1.5.9,heap,1678
1.5.9,heap,1680
1.5.9,heap,1678
1.5.9,heap,1682
1.5.9,heap,1684
1.5.9,heap,1680
1.5.9,heap,30
1.5.9,heap,22
1.5.9,heap,26
1.5.9,heap,21
1.5.9,heap,21
1.5.9,heap,21
1.5.9,heap,570
1.5.9,heap,24
1.5.9,heap,306
1.5.9,heap,8
1.5.9,heap,8
1.5.9,heap,8
1.5.9,heap,8
1.5.9,heap,8
1.5.9,heap,2038
1.5.9,heap,2040
1.5.9,heap,2040
1.5.9,heap,2042
1.5.9,heap,2044
1.5.9,heap,2038
1.5.9,heap,2036
1.5.9,heap,2046
1.5.9,heap,2048
1.5.9,heap,2050
1.5.9,heap,2052
1.5.9,heap,2122
1.5.9,heap,2068
1.5.9,heap,2124
1.5.9,heap,2098
1.5.9,heap,2126
1.5.9,heap,2128
1.5.9,heap,2116
1.5.9,heap,2140
1.5.9,heap,2142
1.5.9,heap,2144
1.5.9,heap,2146
1.5.9,heap,2148
1.5.9,heap,2150
1.5.9,heap,2150
1.5.9,heap,2144
1.5.9,heap,2152
1.5.9,heap,2154
1.5.9,heap,2156
1.5.9,heap,2158
1.5.9,heap,2152
1.5.9,heap,2152
1.5.9,heap,2160
1.5.9,heap,2162
1.5.9,heap,2164
1.5.9,heap,2164
1.5.9,heap,2166
1.5.9,heap,3940
1.5.9,heap,3942
1.5.9,heap,2184
1.5.9,heap,3944
1.5.9,heap,2576
1.5.9,heap,3946
1.5.9,heap,3948
1.5.9,heap,3950
1.5.9,heap,3952
1.5.9,heap,3954
1.5.9,heap,3956
1.5.9,heap,3958
1.5.9,heap,3960
1.5.9,heap,3962
1.5.9,heap,5646
1.5.9,heap,5648
1.5.9,heap,5646
1.5.9,heap,5650
1.5.9,heap,4068
1.5.9,heap,4352
1.5.9,heap,5652
1.5.9,heap,5640
1.5.9,heap,5646
1.5.9,heap,5646
1.5.9,heap,5654
1.5.9,heap,5656
1.5.9,heap,5658
1.5.9,heap,5660
1.5.9,heap,5662
1.5.9,heap,5664
1.5.9,heap,5666
1.5.9,heap,5668
1.5.9,heap,5670
1.5.9,heap,5672
1.5.9,heap,5674
1.5.9,heap,5676
1.5.9,heap,5678
1.5.9,heap,5680
1.5.9,heap,5682
1.5.9,heap,5672
1.5.9,heap,5684
1.5.9,heap,5686
1.5.9,heap,5688
1.5.9,heap,5690
1.5.9,heap,5692
1.5.9,heap,5694
1.5.9,heap,4560
1.5.9,heap,5696
1.5.9,heap,5698
1.5.9,heap,5700
1.5.9,heap,5702
1.5.9,heap,5704
1.5.9,heap,5706
1.5.9,heap,5708
1.5.9,heap,5710
1.5.9,heap,5712
1.5.9,heap,5714
1.5.9,heap,5716
1.5.9,heap,5718
1.5.9,heap,5720
1.5.9,heap,5722
1.5.9,heap,5724
1.5.9,heap,5726
1.5.9,heap,5716
1.5.9,heap,5728
1.5.9,heap,5730
1.5.9,heap,5732
1.5.9,heap,5734
1.5.9,heap,4686
1.5.9,heap,5736
1.5.9,heap,5738
1.5.9,heap,5740
1.5.9,heap,5742
1.5.9,heap,5744
1.5.9,heap,5746
1.5.9,heap,5748
1.5.9,heap,5750
1.5.9,heap,5752
1.5.9,heap,5754
1.5.9,heap,5756
1.5.9,heap,5758
1.5.9,heap,5760
1.5.9,heap,5762
1.5.9,heap,5764
1.5.9,heap,5766
1.5.9,heap,5768
1.5.9,heap,5770
1.5.9,heap2,28
1.5.9,heap2,42
1.5.9,heap2,28
1.5.9,heap2,36
1.5.9,heap2,8
1.5.9,heap2,8
1.5.9,heap2,8
1.5.9,heap2,8
1.5.9,heap2,8
1.5.9,heap2,14
1.5.9,heap2,8
1.5.9,heap2,8
1.5.9,heap2,8
1.5.9,heap2,8
1.5.9,heap2,8
1.5.9,heap2,8
1.5.9,heap2,8
1.5.9,heap2,18
1.5.9,heap2,20
1.5.9,heap2,20
1.5.9,heap2,8
1.5.9,heap2,20
1.5.9,heap2,8
1.5.9,heap2,20
1.5.9,heap2,8
1.5.9,heap2,8
1.5.9,heap2,8
1.5.9,heap2,8
1.5.9,heap2,8
1.5.9,heap2,8
1.5.9,heap2,8
1.5.9,heap2,20
1.5.9,heap2,8
1.5.9,heap2,8
1.5.9,heap2,8
1.5.9,heap2,14
1.5.9,heap2,8
1.5.9,heap2,10
1.5.9,heap2,10
1.5.9,heap2,10
1.5.9,heap2,10
1.5.9,heap2,10
1.5.9,heap2,12
1.5.9,heap2,10
1.5.9,heap2,46
1.5.9,heap2,42
1.5.9,heap2,12
1.5.9,heap2,12
1.5.9,heap2,14
1.5.9,heap2,12
1.5.9,heap2,48
1.5.9,heap2,42
1.5.9,heap2,12
1.5.9,heap2,12
1.5.9,heap2,18
1.5.9,heap2,20
1.5.9,heap2,18
1.5.9,heap2,20
1.5.9,heap2,20
1.5.9,heap2,38
1.5.9,heap2,18
1.5.9,heap2,20
1.5.9,heap2,20
1.5.9,heap2,20
1.5.9,heap2,20
1.5.9,heap2,20
1.5.9,heap2,42
1.5.9,heap2,20
1.5.9,heap2,22
1.5.9,heap2,28
1.5.9,heap2,28
1.5.9,heap2,42
1.5.9,heap2,42
1.5.9,heap2,30
1.5.9,heap2,36
1.5.9,heap2,36
1.5.9,heap2,40
1.5.9,heap2,40
1.5.9,heap2,42
1.5.9,heap2,20
1.5.9,heap2,20
1.5.9,heap2,40
1.5.9,heap2,8
1.5.9,heap2,20
1.5.9,heap2,8
1.5.9,heap2,42
1.5.9,heap2,42
1.5.9,heap2,8
1.5.9,heap2,42
1.5.9,heap2,20
1.5.9,heap2,8
1.5.9,heap2,10
1.5.9,heap2,10
1.5.9,heap2,10
1.5.9,heap2,10
1.5.9,heap2,10
1.5.9,heap2,10
1.5.9,heap2,40
1.5.9,heap2,18
1.5.9,heap2,20
1.5.9,heap2,28
1.5.9,heap2,28
1.5.9,heap2,40
1.5.9,heap2,18
1.5.9,heap2,20
1.5.9,heap2,36
1.5.9,heap2,42
1.5.9,heap2,42
1.5.9,heap2,20
1.5.9,heap2,28
1.5.9,heap2,18
1.5.9,heap2,42
1.5.9,heap2,10
1.5.9,heap2,20
1.5.9,heap2,10
1.5.9,heap2,8
1.5.9,heap2,8
1.5.9,heap2,8
1.5.9,heap2,8
1.5.9,heap2,8
1.5.9,heap2,8
1.5.9,heap2,8
1.5.9,heap2,8
1.5.9,heap2,8
1.5.9,heap2,8
1.5.9,heap2,8
1.5.9,heap2,8
1.5.9,heap2,8
1.5.9,heap2,8
1.5.9,heap2,8
1.5.9,heap2,8
1.5.9,heap2,8
1.5.9,heap2,8
1.5.9,heap2,8
1.5.9,heap2,8
1.5.9,heap2,8
1.5.9,heap2,8
1.5.9,heap2,8
1.5.9,heap2,8
1.5.9,heap2,12
1.5.9,heap2,10
1.5.9,heap2,8
1.5.9,heap2,10
1.5.9,heap2,8
1.5.9,heap2,8
1.5.9,heap2,10
1.5.9,heap2,18
1.5.9,heap2,8
1.5.9,heap2,16
1.5.9,heap2,8
1.5.9,heap2,8
1.5.9,heap2,18
1.5.9,heap2,10
1.5.9,heap2,40
1.5.9,heap2,40
1.5.9,heap2,40
1.5.9,heap2,40
1.5.9,heap2,42
1.5.9,heap2,42
1.5.9,heap2,40
1.5.9,heap2,40
1.5.9,heap2,42
1.5.9,heap2,40
1.5.9,heap2,46
1.5.9,heap2,42
1.5.9,heap2,42
1.5.9,heap2,48
1.5.9,heap2,42
1.5.9,heap2,42
1.5.9,heap2,48
1.5.9,heap2,42
1.5.9,heap2,44
1.5.9,heap2,50
1.5.9,heap2,34
1.5.9,heap2,34
1.5.9,heap2,34
1.5.9,heap2,32
1.5.9,heap2,34
1.5.9,heap2,38
1.5.9,heap2,34
1.5.9,heap2,20
1.5.9,heap2,20
1.5.9,heap2,20
1.5.9,heap2,20
1.5.9,heap2,36
1.5.9,heap2,36
1.5.9,heap2,36
1.5.9,heap2,36
1.5.9,heap2,36
1.5.9,heap2,36
1.5.9,heap2,38
1.5.9,heap2,36
1.5.9,heap2,36
1.5.9,heap2,36
1.5.9,heap2,36
1.5.9,heap2,36
1.5.9,heap2,36
1.5.9,heap2,36
1.5.9,heap2,36
1.5.9,heap2,36
1.5.9,heap2,44
1.5.9,heap2,40
1.5.9,heap2,46
1.5.9,heap2,12
1.5.9,heap2,10
1.5.9,heap2,12
1.5.9,heap2,12
1.5.9,heap2,12
1.5.9,heap2,12
1.5.9,heap2,12
1.5.9,heap2,14
1.5.9,heap2,14
1.5.9,heap2,14
1.5.9,heap2,14
1.5.9,heap2,12
1.5.9,heap2,14
1.5.9,heap2,16
1.5.9,heap2,14
1.5.9,heap2,14
1.5.9,heap2,14
1.5.9,heap2,22
1.5.9,heap2,20
1.5.9,heap2,20
1.5.9,heap2,8
1.5.9,heap2,42
1.5.9,heap2,30
1.5.9,heap2,40
1.5.9,heap2,8
1.5.9,heap2,8
1.5.9,heap2,40
1.5.9,heap2,16
1.5.9,heap2,54
1.5.9,heap2,44
1.5.9,heap2,24
1.5.9,heap2,52
1.5.9,heap2,48
1.5.9,heap2,22
1.5.9,heap2,44
1.5.9,heap2,24
1.5.9,heap2,8
1.5.9,heap2,28
1.5.9,heap2,42
1.5.9,heap2,56
1.5.9,heap2,20
1.5.9,heap2,20
1.5.9,heap2,20
1.5.9,heap2,20
1.5.9,heap2,20
1.5.9,heap2,20
1.5.9,heap2,20
1.5.9,heap2,16
1.5.9,heap2,22
1.5.9,heap2,32
1.5.9,heap2,54
1.5.9,heap2,58
1.5.9,heap2,58
1.5.9,heap2,58
1.5.9,heap2,58
1.5.9,heap2,56
1.5.9,heap2,60
1.5.9,heap2,50
1.5.9,heap2,58
1.5.9,heap2,12
1.5.9,heap2,40
1.5.9,heap2,32
1.5.9,heap2,32
1.5.9,heap2,58
1.5.9,heap2,34
1.5.9,heap2,38
1.5.9,heap2,58
1.5.9,heap2,60
1.5.9,heap2,54
1.5.9,heap2,62
1.5.9,heap2,60
1.5.9,heap2,48
1.5.9,heap2,56
1.5.9,heap2,54
1.5.9,heap2,54
1.5.9,heap2,62
1.5.9,heap2,62
1.5.9,heap2,62
1.5.9,heap2,64
1.5.9,heap2,62
1.5.9,heap2,56
1.5.9,heap2,58
1.5.9,heap2,56
1.5.9,heap2,64
1.5.9,heap2,64
1.5.9,heap2,64
1.5.9,heap2,66
1.5.9,heap2,58
1.5.9,heap2,66
1.5.9,heap2,64
1.5.9,heap2,66
1.5.9,heap2,70
1.5.9,heap2,68
1.5.9,heap2,56
1.5.9,heap2,8
1.5.9,heap2,8
1.5.9,heap2,8
1.5.9,heap2,8
1.5.9,heap2,10
1.5.9,heap2,38
1.5.9,heap2,8
1.5.9,heap2,40
1.5.9,heap2,14
1.5.9,heap2,14
1.5.9,heap2,40
1.5.9,heap2,20
1.5.9,heap2,16
1.5.9,heap2,42
1.5.9,heap2,42
1.5.9,heap2,12
1.5.9,heap2,12
1.5.9,heap2,14
1.5.9,heap2,14
1.5.9,heap2,8
1.5.9,heap2,54
1.5.9,heap2,10
1.5.9,heap2,34
1.5.9,heap2,34
1.5.9,heap2,32
1.5.9,heap2,24
1.5.9,heap2,32
1.5.9,heap2,14
1.5.9,heap2,16
1.5.9,heap2,16
1.5.9,heap2,14
1.5.9,heap2,12
1.5.9,heap2,14
1.5.9,heap2,8
1.5.9,heap2,20
1.5.9,heap2,16
1.5.9,heap2,40
1.5.9,heap2,40
1.5.9,heap2,40
1.5.9,heap2,40
1.5.9,heap2,40
1.5.9,heap2,40
1.5.9,heap2,40
1.5.9,heap2,40
1.5.9,heap2,40
1.5.9,heap2,40
1.5.9,heap2,40
1.5.9,heap2,40
1.5.9,heap2,40
1.5.9,heap2,40
1.5.9,heap2,40
1.5.9,heap2,40
1.5.9,heap2,40
1.5.9,heap2,40
1.5.9,heap2,40
1.5.9,heap2,40
1.5.9,heap2,40
1.5.9,heap2,40
1.5.9,heap2,40
1.5.9,heap2,40
1.5.9,heap2,40
1.5.9,heap2,40
1.5.9,heap2,38
1.5.9,heap2,40
1.5.9,heap2,34
1.5.9,heap2,38
1.5.9,heap2,42
1.5.9,heap2,20
1.5.9,heap2,26
1.5.9,heap2,50
1.5.9,heap2,32
1.5.9,heap2,56
1.5.9,heap2,38
1.5.9,heap2,38
1.5.9,heap2,40
1.5.9,heap2,40
1.5.9,heap2,40
1.5.9,heap2,40
1.5.9,heap2,40
1.5.9,heap2,40
1.5.9,heap2,38
1.5.9,heap2,20
1.5.9,heap2,20
1.5.9,heap2,8
1.5.9,heap2,14
1.5.9,heap2,10
1.5.9,heap2,14
1.5.9,heap2,34
1.5.9,heap2,42
1.5.9,heap2,34
1.5.9,heap2,40
1.5.9,heap2,34
1.5.9,heap2,10
1.5.9,heap2,16
1.5.9,heap2,16
1.5.9,heap2,10
1.5.9,heap2,44
1.5.9,heap2,14
1.5.9,heap2,14
1.5.9,heap2,8
1.5.9,heap2,40
1.5.9,heap2,34
1.5.9,heap2,36
1.5.9,heap2,34
1.5.9,heap2,36
1.5.9,heap2,16
1.5.9,heap2,16
1.5.9,heap2,16
1.5.9,heap2,16
1.5.9,heap2,16
1.5.9,heap2,20
1.5.9,heap2,14
1.5.9,heap2,16
1.5.9,heap2,15
1.5.9,heap2,14
1.5.9,heap2,20
1.5.9,heap2,24
1.5.9,heap2,16
1.5.9,heap2,12
1.5.9,heap2,36
1.5.9,heap2,36
1.5.9,heap2,15
1.5.9,heap2,30
1.5.9,heap2,12
1.5.9,heap2,50
1.5.9,heap2,12
1.5.9,heap2,15
1.5.9,heap2,12
1.5.9,heap2,10
1.5.9,heap2,8
1.5.9,heap2,40
1.5.9,heap2,20
1.5.9,heap2,28
1.5.9,heap2,28
1.5.9,heap2,28
1.5.9,heap2,26
1.5.9,heap2,8
1.5.9,heap2,28
1.5.9,heap2,28
1.5.9,heap2,8
1.5.9,heap2,12
1.5.9,heap2,40
1.5.9,heap2,40
1.5.9,heap2,40
1.5.9,heap2,40
1.5.9,heap2,40
1.5.9,heap2,40
1.5.9,heap2,40
1.5.9,heap2,40
1.5.9,heap2,40
1.5.9,heap2,38
1.5.9,heap2,8
1.5.9,heap2,26
1.5.9,heap2,30
1.5.9,heap2,34
1.5.9,heap2,26
1.5.9,heap2,30
1.5.9,heap2,20
1.5.9,heap2,28
1.5.9,heap2,18
1.5.9,heap2,18
1.5.9,heap2,40
1.5.9,heap2,40
1.5.9,heap2,42
1.5.9,heap2,42
1.5.9,heap2,32
1.5.9,heap2,22
1.5.9,heap2,60
1.5.9,heap2,64
1.5.9,heap2,38
1.5.9,heap2,8
1.5.9,heap2,40
1.5.9,heap2,36
1.5.9,heap2,20
1.5.9,heap2,20
1.5.9,heap2,18
1.5.9,heap2,26
1.5.9,heap2,14
1.5.9,heap2,18
1.5.9,heap2,18
1.5.9,heap2,18
1.5.9,heap2,18
1.5.9,heap2,18
1.5.9,heap2,18
1.5.9,heap2,40
1.5.9,heap2,40
1.5.9,heap2,40
1.5.9,heap2,38
1.5.9,heap2,28
1.5.9,heap2,30
1.5.9,heap2,28
1.5.9,heap2,24
1.5.9,heap2,50
1.5.9,heap2,48
1.5.9,heap2,50
1.5.9,heap2,15
1.5.9,heap2,15
1.5.9,heap2,40
1.5.9,heap2,15
1.5.9,heap2,18
1.5.9,heap2,40
1.5.9,heap2,28
1.5.9,heap2,10
1.5.9,heap2,8
1.5.9,heap2,12
1.5.9,heap2,30
1.5.9,heap2,48
1.5.9,heap2,10
1.5.9,heap2,34
1.5.9,heap2,24
1.5.9,heap2,8
1.5.9,heap2,28
1.5.9,heap2,26
1.5.9,heap2,46
1.5.9,heap2,46
1.5.9,heap2,46
1.5.9,heap2,80
1.5.9,heap2,84
1.5.9,heap2,86
1.5.9,heap2,80
1.5.9,heap2,88
1.5.9,heap2,94
1.5.9,heap2,94
1.5.9,heap2,98
1.5.9,heap2,98
1.5.9,heap2,92
1.5.9,heap2,88
1.5.9,heap2,92
1.5.9,heap2,96
1.5.9,heap2,96
1.5.9,heap2,100
1.5.9,heap2,102
1.5.9,heap2,96
1.5.9,heap2,98
1.5.9,heap2,84
1.5.9,heap2,114
1.5.9,heap2,150
1.5.9,heap2,90
1.5.9,heap2,102
1.5.9,heap2,154
1.5.9,heap2,146
1.5.9,heap2,150
1.5.9,heap2,112
1.5.9,heap2,150
1.5.9,heap2,144
1.5.9,heap2,156
1.5.9,heap2,150
1.5.9,heap2,158
1.5.9,heap2,270
1.5.9,heap2,198
1.5.9,heap2,84
1.5.9,heap2,274
1.5.9,heap2,202
1.5.9,heap2,280
1.5.9,heap2,268
1.5.9,heap2,272
1.5.9,heap2,268
1.5.9,heap2,410
1.5.9,heap2,414
1.5.9,heap2,410
1.5.9,heap2,398
1.5.9,heap2,402
1.5.9,heap2,416
1.5.9,heap2,410
1.5.9,heap2,412
1.5.9,heap2,418
1.5.9,heap2,284
1.5.9,heap2,410
1.5.9,heap2,422
1.5.9,heap2,420
1.5.9,heap2,426
1.5.9,heap2,404
1.5.9,heap2,430
1.5.9,heap2,18
1.5.9,heap2,18
1.5.9,heap2,434
1.5.9,heap2,438
1.5.9,heap2,536
1.5.9,heap2,44
1.5.9,heap2,78
1.5.9,heap2,532
1.5.9,heap2,532
1.5.9,heap2,540
1.5.9,heap2,518
1.5.9,heap2,538
1.5.9,heap2,562
1.5.9,heap2,558
1.5.9,heap2,566
1.5.9,heap2,568
1.5.9,heap2,628
1.5.9,heap2,732
1.5.9,heap2,610
1.5.9,heap2,736
1.5.9,heap2,646
1.5.9,heap2,732
1.5.9,heap2,730
1.5.9,heap2,738
1.5.9,heap2,734
1.5.9,heap2,742
1.5.9,heap2,746
1.5.9,heap2,784
1.5.9,heap2,640
1.5.9,heap2,788
1.5.9,heap2,786
1.5.9,heap2,792
1.5.9,heap2,796
1.5.9,heap2,918
1.5.9,heap2,1360
1.5.9,heap2,1364
1.5.9,heap2,1052
1.5.9,heap2,1368
1.5.9,heap2,1362
1.5.9,heap2,1350
1.5.9,heap2,898
1.5.9,heap2,1372
1.5.9,heap2,2186
1.5.9,heap2,2190
1.5.9,heap2,1712
1.5.9,heap2,2184
1.5.9,heap2,2192
1.5.9,heap2,2196
1.5.9,heap2,2192
1.5.9,heap2,2200
1.5.9,heap2,2204
1.5.9,heap2,2208
1.5.9,heap2,2212
1.5.9,heap2,2216
1.5.9,heap2,3026
1.5.9,heap2,2736
1.5.9,heap2,3030
1.5.9,heap2,2690
1.5.9,heap2,2716
1.5.9,heap2,2736
1.5.9,heap2,2746
1.5.9,heap2,2766
1.5.9,heap2,2776
1.5.9,heap2,2798
1.5.9,heap2,2932
1.5.9,heap2,3032
1.5.9,heap2,3038
1.5.9,heap2,3038
1.5.9,heap2,3042
1.5.9,heap2,3044
1.5.9,heap2,3048
1.5.9,heap2,3050
1.5.9,heap2,3054
1.5.9,heap2,26
1.5.9,heap2,28
1.5.9,heap2,28
1.5.9,heap2,3058
1.5.9,heap2,3258
1.5.9,heap2,3262
1.5.9,heap2,3266
1.5.9,heap2,50
1.5.9,heap2,3270
1.5.9,heap2,3274
1.5.9,heap2,3276
1.5.9,heap2,3278
1.5.9,heap2,4892
1.5.9,heap2,4038
1.5.9,heap2,4114
1.5.9,heap2,4806
1.5.9,heap2,4894
1.5.9,heap2,4894
1.5.9,heap2,4908
1.5.9,heap2,4914
1.5.9,heap2,4916
1.5.9,heap2,4918
1.5.9,heap2,4920
1.5.9,heap2,4922
1.5.9,heap2,4924
1.5.9,heap2,7552
1.5.9,heap2,7554
1.5.9,heap2,7560
1.5.9,heap2,7566
1.5.9,heap2,7548
1.5.9,heap2,7548
1.5.9,heap2,7546
1.5.9,heap2,7554
1.5.9,heap2,7570
1.5.9,heap2,7574
1.5.9,heap2,7576
1.5.9,heap2,7578
1.5.9,heap2,7580
1.5.9,heap2,7582
1.5.9,heap2,7584
1.5.9,heap2,7586
1.5.9,heap2,7588
1.5.9,heap2,5626
1.5.9,heap2,7588
1.5.9,heap2,7590
1.5.9,heap2,7796
1.5.9,heap2,7798
1.5.9,heap2,7800
1.5.9,heap2,7804
1.5.9,heap2,7806
1.5.9,heap2,7808
1.5.9,heap2,7810
1.5.9,heap2,7814
1.5.9,heap2,7816
1.5.9,heap2,7818
1.5.9,heap2,7820
1.5.9,heap2,7824
1.5.9,heap2,7826
1.5.9,heap2,7828
1.5.9,heap2,7830
1.5.9,heap2,7832
1.5.9,heap2,7836
1.5.9,heap2,7838
1.5.9,heap2,7840
1.5.9,heap2,7842
1.5.9,heap3,28
1.5.9,heap3,42
1.5.9,heap3,28
1.5.9,heap3,36
1.5.9,heap3,8
1.5.9,heap3,8
1.5.9,heap3,8
1.5.9,heap3,8
1.5.9,heap3,8
1.5.9,heap3,14
1.5.9,heap3,8
1.5.9,heap3,8
1.5.9,heap3,8
1.5.9,heap3,8
1.5.9,heap3,8
1.5.9,heap3,8
1.5.9,heap3,8
1.5.9,heap3,18
1.5.9,heap3,20
1.5.9,heap3,20
1.5.9,heap3,8
1.5.9,heap3,20
1.5.9,heap3,8
1.5.9,heap3,20
1.5.9,heap3,8
1.5.9,heap3,8
1.5.9,heap3,8
1.5.9,heap3,8
1.5.9,heap3,8
1.5.9,heap3,8
1.5.9,heap3,8
1.5.9,heap3,20
1.5.9,heap3,8
1.5.9,heap3,8
1.5.9,heap3,8
1.5.9,heap3,14
1.5.9,heap3,8
1.5.9,heap3,10
1.5.9,heap3,10
1.5.9,heap3,10
1.5.9,heap3,10
1.5.9,heap3,10
1.5.9,heap3,12
1.5.9,heap3,10
1.5.9,heap3,46
1.5.9,heap3,42
1.5.9,heap3,12
1.5.9,heap3,12
1.5.9,heap3,14
1.5.9,heap3,12
1.5.9,heap3,48
1.5.9,heap3,42
1.5.9,heap3,12
1.5.9,heap3,12
1.5.9,heap3,18
1.5.9,heap3,20
1.5.9,heap3,18
1.5.9,heap3,20
1.5.9,heap3,20
1.5.9,heap3,38
1.5.9,heap3,18
1.5.9,heap3,20
1.5.9,heap3,20
1.5.9,heap3,20
1.5.9,heap3,20
1.5.9,heap3,20
1.5.9,heap3,42
1.5.9,heap3,20
1.5.9,heap3,22
1.5.9,heap3,28
1.5.9,heap3,28
1.5.9,heap3,28
1.5.9,heap3,42
1.5.9,heap3,42
1.5.9,heap3,30
1.5.9,heap3,36
1.5.9,heap3,36
1.5.9,heap3,40
1.5.9,heap3,40
1.5.9,heap3,42
1.5.9,heap3,20
1.5.9,heap3,20
1.5.9,heap3,40
1.5.9,heap3,8
1.5.9,heap3,20
1.5.9,heap3,8
1.5.9,heap3,42
1.5.9,heap3,42
1.5.9,heap3,8
1.5.9,heap3,42
1.5.9,heap3,20
1.5.9,heap3,8
1.5.9,heap3,10
1.5.9,heap3,10
1.5.9,heap3,10
1.5.9,heap3,10
1.5.9,heap3,10
1.5.9,heap3,10
1.5.9,heap3,10
1.5.9,heap3,40
1.5.9,heap3,18
1.5.9,heap3,20
1.5.9,heap3,28
1.5.9,heap3,28
1.5.9,heap3,40
1.5.9,heap3,18
1.5.9,heap3,20
1.5.9,heap3,36
1.5.9,heap3,42
1.5.9,heap3,42
1.5.9,heap3,20
1.5.9,heap3,28
1.5.9,heap3,18
1.5.9,heap3,42
1.5.9,heap3,10
1.5.9,heap3,20
1.5.9,heap3,10
1.5.9,heap3,8
1.5.9,heap3,8
1.5.9,heap3,8
1.5.9,heap3,8
1.5.9,heap3,8
1.5.9,heap3,8
1.5.9,heap3,8
1.5.9,heap3,8
1.5.9,heap3,8
1.5.9,heap3,8
1.5.9,heap3,8
1.5.9,heap3,8
1.5.9,heap3,8
1.5.9,heap3,8
1.5.9,heap3,8
1.5.9,heap3,8
1.5.9,heap3,8
1.5.9,heap3,8
1.5.9,heap3,8
1.5.9,heap3,8
1.5.9,heap3,8
1.5.9,heap3,8
1.5.9,heap3,8
1.5.9,heap3,8
1.5.9,heap3,12
1.5.9,heap3,10
1.5.9,heap3,8
1.5.9,heap3,10
1.5.9,heap3,8
1.5.9,heap3,8
1.5.9,heap3,10
1.5.9,heap3,18
1.5.9,heap3,8
1.5.9,heap3,16
1.5.9,heap3,8
1.5.9,heap3,8
1.5.9,heap3,18
1.5.9,heap3,10
1.5.9,heap3,40
1.5.9,heap3,40
1.5.9,heap3,40
1.5.9,heap3,40
1.5.9,heap3,42
1.5.9,heap3,42
1.5.9,heap3,40
1.5.9,heap3,40
1.5.9,heap3,42
1.5.9,heap3,40
1.5.9,heap3,46
1.5.9,heap3,42
1.5.9,heap3,42
1.5.9,heap3,48
1.5.9,heap3,42
1.5.9,heap3,42
1.5.9,heap3,48
1.5.9,heap3,42
1.5.9,heap3,44
1.5.9,heap3,50
1.5.9,heap3,34
1.5.9,heap3,34
1.5.9,heap3,34
1.5.9,heap3,32
1.5.9,heap3,34
1.5.9,heap3,38
1.5.9,heap3,34
1.5.9,heap3,20
1.5.9,heap3,20
1.5.9,heap3,20
1.5.9,heap3,20
1.5.9,heap3,36
1.5.9,heap3,36
1.5.9,heap3,36
1.5.9,heap3,36
1.5.9,heap3,36
1.5.9,heap3,36
1.5.9,heap3,38
1.5.9,heap3,36
1.5.9,heap3,36
1.5.9,heap3,36
1.5.9,heap3,36
1.5.9,heap3,36
1.5.9,heap3,36
1.5.9,heap3,36
1.5.9,heap3,36
1.5.9,heap3,36
1.5.9,heap3,44
1.5.9,heap3,40
1.5.9,heap3,46
1.5.9,heap3,12
1.5.9,heap3,10
1.5.9,heap3,12
1.5.9,heap3,12
1.5.9,heap3,12
1.5.9,heap3,12
1.5.9,heap3,12
1.5.9,heap3,14
1.5.9,heap3,14
1.5.9,heap3,14
1.5.9,heap3,14
1.5.9,heap3,12
1.5.9,heap3,14
1.5.9,heap3,16
1.5.9,heap3,14
1.5.9,heap3,14
1.5.9,heap3,14
1.5.9,heap3,22
1.5.9,heap3,20
1.5.9,heap3,20
1.5.9,heap3,8
1.5.9,heap3,12
1.5.9,heap3,12
1.5.9,heap3,42
1.5.9,heap3,12
1.5.9,heap3,8
1.5.9,heap3,20
1.5.9,heap3,16
1.5.9,heap3,8
1.5.9,heap3,28
1.5.9,heap3,40
1.5.9,heap3,42
1.5.9,heap3,44
1.5.9,heap3,38
1.5.9,heap3,44
1.5.9,heap3,36
1.5.9,heap3,36
1.5.9,heap3,36
1.5.9,heap3,28
1.5.9,heap3,36
1.5.9,heap3,24
1.5.9,heap3,38
1.5.9,heap3,20
1.5.9,heap3,44
1.5.9,heap3,36
1.5.9,heap3,38
1.5.9,heap3,48
1.5.9,heap3,20
1.5.9,heap3,20
1.5.9,heap3,20
1.5.9,heap3,20
1.5.9,heap3,20
1.5.9,heap3,16
1.5.9,heap3,22
1.5.9,heap3,20
1.5.9,heap3,22
1.5.9,heap3,22
1.5.9,heap3,44
1.5.9,heap3,14
1.5.9,heap3,20
1.5.9,heap3,44
1.5.9,heap3,50
1.5.9,heap3,56
1.5.9,heap3,42
1.5.9,heap3,50
1.5.9,heap3,50
1.5.9,heap3,58
1.5.9,heap3,40
1.5.9,heap3,52
1.5.9,heap3,50
1.5.9,heap3,50
1.5.9,heap3,56
1.5.9,heap3,18
1.5.9,heap3,64
1.5.9,heap3,34
1.5.9,heap3,46
1.5.9,heap3,34
1.5.9,heap3,58
1.5.9,heap3,52
1.5.9,heap3,54
1.5.9,heap3,56
1.5.9,heap3,56
1.5.9,heap3,60
1.5.9,heap3,66
1.5.9,heap3,66
1.5.9,heap3,70
1.5.9,heap3,70
1.5.9,heap3,66
1.5.9,heap3,70
1.5.9,heap3,72
1.5.9,heap3,72
1.5.9,heap3,72
1.5.9,heap3,54
1.5.9,heap3,66
1.5.9,heap3,70
1.5.9,heap3,74
1.5.9,heap3,64
1.5.9,heap3,74
1.5.9,heap3,62
1.5.9,heap3,62
1.5.9,heap3,68
1.5.9,heap3,72
1.5.9,heap3,76
1.5.9,heap3,72
1.5.9,heap3,76
1.5.9,heap3,76
1.5.9,heap3,72
1.5.9,heap3,20
1.5.9,heap3,20
1.5.9,heap3,16
1.5.9,heap3,44
1.5.9,heap3,48
1.5.9,heap3,22
1.5.9,heap3,24
1.5.9,heap3,34
1.5.9,heap3,26
1.5.9,heap3,30
1.5.9,heap3,20
1.5.9,heap3,18
1.5.9,heap3,20
1.5.9,heap3,20
1.5.9,heap3,16
1.5.9,heap3,20
1.5.9,heap3,40
1.5.9,heap3,42
1.5.9,heap3,36
1.5.9,heap3,8
1.5.9,heap3,8
1.5.9,heap3,34
1.5.9,heap3,26
1.5.9,heap3,30
1.5.9,heap3,26
1.5.9,heap3,28
1.5.9,heap3,26
1.5.9,heap3,56
1.5.9,heap3,22
1.5.9,heap3,12
1.5.9,heap3,14
1.5.9,heap3,22
1.5.9,heap3,16
1.5.9,heap3,24
1.5.9,heap3,8
1.5.9,heap3,8
1.5.9,heap3,10
1.5.9,heap3,18
1.5.9,heap3,14
1.5.9,heap3,14
1.5.9,heap3,10
1.5.9,heap3,10
1.5.9,heap3,44
1.5.9,heap3,64
1.5.9,heap3,22
1.5.9,heap3,78
1.5.9,heap3,74
1.5.9,heap3,76
1.5.9,heap3,88
1.5.9,heap3,76
1.5.9,heap3,62
1.5.9,heap3,92
1.5.9,heap3,74
1.5.9,heap3,124
1.5.9,heap3,140
1.5.9,heap3,42
1.5.9,heap3,62
1.5.9,heap3,50
1.5.9,heap3,50
1.5.9,heap3,50
1.5.9,heap3,52
1.5.9,heap3,138
1.5.9,heap3,18
1.5.9,heap3,150
1.5.9,heap3,136
1.5.9,heap3,22
1.5.9,heap3,132
1.5.9,heap3,162
1.5.9,heap3,158
1.5.9,heap3,172
1.5.9,heap3,158
1.5.9,heap3,208
1.5.9,heap3,250
1.5.9,heap3,246
1.5.9,heap3,244
1.5.9,heap3,244
1.5.9,heap3,244
1.5.9,heap3,18
1.5.9,heap3,260
1.5.9,heap3,244
1.5.9,heap3,244
1.5.9,heap3,248
1.5.9,heap3,250
1.5.9,heap3,246
1.5.9,heap3,310
1.5.9,heap3,314
1.5.9,heap3,322
1.5.9,heap3,324
1.5.9,heap3,328
1.5.9,heap3,310
1.5.9,heap3,312
1.5.9,heap3,312
1.5.9,heap3,312
1.5.9,heap3,18
1.5.9,heap3,26
1.5.9,heap3,26
1.5.9,heap3,26
1.5.9,heap3,40
1.5.9,heap3,26
1.5.9,heap3,14
1.5.9,heap3,338
1.5.9,heap3,406
1.5.9,heap3,498
1.5.9,heap3,490
1.5.9,heap3,508
1.5.9,heap3,504
1.5.9,heap3,486
1.5.9,heap3,492
1.5.9,heap3,496
1.5.9,heap3,612
1.5.9,heap3,50
1.5.9,heap3,50
1.5.9,heap3,50
1.5.9,heap3,52
1.5.9,heap3,18
1.5.9,heap3,518
1.5.9,heap3,634
1.5.9,heap3,467
1.5.9,heap3,604
1.5.9,heap3,498
1.5.9,heap3,516
1.5.9,heap3,72
1.5.9,heap3,644
1.5.9,heap3,628
1.5.9,heap3,684
1.5.9,heap3,744
1.5.9,heap3,776
1.5.9,heap3,684
1.5.9,heap3,736
1.5.9,heap3,786
1.5.9,heap3,786
1.5.9,heap3,792
1.5.9,heap3,798
1.5.9,heap3,1146
1.5.9,heap3,14
1.5.9,heap3,930
1.5.9,heap3,1156
1.5.9,heap3,1142
1.5.9,heap3,174
1.5.9,heap3,1208
1.5.9,heap3,1210
1.5.9,heap3,1218
1.5.9,heap3,1166
1.5.9,heap3,1406
1.5.9,heap3,1406
1.5.9,heap3,1416
1.5.9,heap3,1430
1.5.9,heap3,1684
1.5.9,heap3,88
1.5.9,heap3,1694
1.5.9,heap3,1708
1.5.9,heap3,1718
1.5.9,heap3,1728
1.5.9,heap3,1632
1.5.9,heap3,1784
1.5.9,heap3,1938
1.5.9,heap3,1760
1.5.9,heap3,1768
1.5.9,heap3,1940
1.5.9,heap3,1948
1.5.9,heap3,1950
1.5.9,heap3,1958
1.5.9,heap3,1834
1.5.9,heap3,1960
1.5.9,heap3,1934
1.5.9,heap3,1964
1.5.9,heap3,1968
1.5.9,heap3,1970
1.5.9,heap3,1978
1.5.9,heap3,1980
1.5.9,heap3,1988
1.5.9,heap3,2038
1.5.9,heap3,2048
1.5.9,heap3,2034
1.5.9,heap3,2058
1.5.9,heap3,2282
1.5.9,heap3,2292
1.5.9,heap3,2302
1.5.9,heap3,2312
1.5.9,heap3,20
1.5.9,heap3,26
1.5.9,heap3,26
1.5.9,heap3,2318
1.5.9,heap3,2322
1.5.9,heap3,2332
1.5.9,heap3,2342
1.5.9,heap3,18
1.5.9,heap3,2352
1.5.9,heap3,2362
1.5.9,heap3,2364
1.5.9,heap3,2370
1.5.9,heap3,2372
1.5.9,heap3,42
1.5.9,heap3,2374
1.5.9,heap3,2380
1.5.9,heap3,2382
1.5.9,heap3,2384
1.5.9,heap3,2390
1.5.9,heap3,2392
1.5.9,heap3,2394
1.5.9,heap3,2400
1.5.9,heap3,2402
1.5.9,heap3,2404
1.5.9,heap3,2410
1.5.9,heap3,2412
1.5.9,heap3,2414
1.5.9,heap3,2420
1.5.9,heap3,2422
1.5.9,heap3,2424
1.5.9,heap3,2430
1.5.9,heap3,2432
1.5.9,heap3,4636
1.5.9,heap3,3078
1.5.9,heap3,2992
1.5.9,heap3,3008
1.5.9,heap3,3180
1.5.9,heap3,4140
1.5.9,heap3,4152
1.5.9,heap3,4172
1.5.9,heap3,4182
1.5.9,heap3,4638
1.5.9,heap3,3126
1.5.9,heap3,4644
1.5.9,heap3,4646
1.5.9,heap3,4652
1.5.9,heap3,4658
1.5.9,heap3,4660
1.5.9,heap3,4666
1.5.9,heap3,4668
1.5.9,heap3,4670
1.5.9,heap3,4676
1.5.9,heap3,4678
1.5.9,heap3,4680
1.5.9,heap3,4686
1.5.9,heap3,4688
1.5.9,heap3,38
1.5.9,heap3,46
1.5.9,heap3,4690
1.5.9,heap3,4696
1.5.9,heap3,4698
1.5.9,heap3,4700
1.5.9,heap3,4706
1.5.9,heap3,4708
1.5.9,heap3,4710
1.5.9,heap3,4716
1.5.9,heap3,4718
1.5.9,heap3,4720
1.5.9,heap3,4726
1.5.9,heap3,4728
1.5.9,heap3,8394
1.5.9,heap3,5188
1.5.9,heap3,5958
1.5.9,heap3,7352
1.5.9,heap3,8396
1.5.9,heap3,8402
1.5.9,heap3,8404
1.5.9,heap3,8408
1.5.9,heap3,8410
1.5.9,heap3,8416
1.5.9,heap3,8418
1.5.9,heap3,8420
1.5.9,heap3,8426
1.5.9,heap3,8428
1.5.9,heap3,8430
1.5.9,heap3,8436
1.5.9,heap3,8438
1.5.9,heap3,22
1.5.9,heap3,8440
1.5.9,heap3,8446
1.5.9,heap3,8448
1.5.9,heap3,11960
1.5.9,heap3,134
1.5.9,heap3,10260
1.5.9,heap3,11962
1.5.9,heap3,11968
1.5.9,heap3,11970
1.5.9,heap3,11972
1.5.9,heap3,11974
1.5.9,heap3,11980
1.5.9,heap3,11982
1.5.9,heap3,11984
1.5.9,heap3,11986
1.5.9,heap3,11992
1.5.9,heap3,11994
1.5.9,heap3,11996
1.5.9,heap3,12002
1.5.9,heap3,12004
1.5.9,heap3,12006
1.5.9,heap3,12012
1.5.9,heap3,12014
1.5.9,heap3,12016
1.5.9,heap3,12022
1.5.9,heap3,12024
1.5.9,heap3,12026
1.5.9,heap3,12032
1.5.9,heap3,12034
1.5.9,heap3,13150
1.5.9,heap3,52
1.5.9,heap3,82
